save_as,date,title,genre,year,story,prompt
assets/history/01-01.jpg,01-01,The New Year's Day that gave U2 its first anthem,Rock,1983,"Bono wrote the lyric imagining Poland's Solidarity movement, but the song started as a bassline Adam Clayton stumbled into while trying to play Visage's 'Fade to Grey'. The Edge's icy piano was a happy accident from a keyboard left in the room.","Cinematic editorial photograph, a 1980s recording studio. A guitar leaning against a vintage amplifier, cables coiled on the floor. large-format console, cool neon accents against warm lamps, VHS-era palette. Unnamed figures only — a singer at the microphone or a producer in headphones, faces turned away or in shadow. Documentary feel, as if shot for a magazine. 35mm film, shallow depth of field, fine grain, 16:9 landscape. No text, no logos, no watermarks, no captions."
assets/history/01-02.jpg,01-02,How a broken speaker invented the fuzz guitar,Rock,1961,"On Marty Robbins' 'Don't Worry', a faulty channel in the studio's mixing console distorted Grady Martin's bass solo into a snarl nobody had heard before. Engineers tried to fix it; the producer kept it.","Cinematic editorial photograph, a 1960s wood-panelled recording studio. A large mixing console seen at a low angle, faders lit from above, meters glowing. warm tungsten glow, tape machines, amber and walnut palette. Unnamed figures only — a singer at the microphone or a producer in headphones, faces turned away or in shadow. Documentary feel, as if shot for a magazine. 35mm film, shallow depth of field, fine grain, 16:9 landscape. No text, no logos, no watermarks, no captions."
assets/history/01-03.jpg,01-03,The drum break that built hip-hop,Funk,1969,"The Winstons cut 'Amen, Brother' as a B-side throwaway. Its six-second drum break, played by Gregory Coleman in a single take, became the most sampled passage in recorded music.","Cinematic editorial photograph, a 1960s wood-panelled recording studio. A drum room with baffles, a kit lit from one side, sticks resting on the snare. warm tungsten glow, tape machines, amber and walnut palette. Unnamed figures only — a singer at the microphone or a producer in headphones, faces turned away or in shadow. Documentary feel, as if shot for a magazine. 35mm film, shallow depth of field, fine grain, 16:9 landscape. No text, no logos, no watermarks, no captions."
assets/history/01-04.jpg,01-04,Why Motown mixed its records on a car speaker,Soul,1964,"Berry Gordy kept a cheap car-dashboard speaker wired into the Hitsville control room. If a mix didn't hit on that tinny cone, it went back, because that's where America actually heard music.","Cinematic editorial photograph, a 1960s wood-panelled recording studio. A radio broadcast booth, ON AIR lamp lit, microphone on a boom arm. warm tungsten glow, tape machines, amber and walnut palette. Unnamed figures only — a singer at the microphone or a producer in headphones, faces turned away or in shadow. Documentary feel, as if shot for a magazine. 35mm film, shallow depth of field, fine grain, 16:9 landscape. No text, no logos, no watermarks, no captions."
assets/history/01-05.jpg,01-05,The bassline Paul McCartney built from a mistake,Rock,1966,"On 'Paperback Writer', McCartney wanted a bass so loud it would rattle radios. Engineer Ken Townsend rigged a loudspeaker as a microphone to capture the low end, a trick no one had tried.","Cinematic editorial photograph, a 1960s wood-panelled recording studio. A guitar leaning against a vintage amplifier, cables coiled on the floor. warm tungsten glow, tape machines, amber and walnut palette. Unnamed figures only — a singer at the microphone or a producer in headphones, faces turned away or in shadow. Documentary feel, as if shot for a magazine. 35mm film, shallow depth of field, fine grain, 16:9 landscape. No text, no logos, no watermarks, no captions."
assets/history/01-06.jpg,01-06,Kraftwerk built their own instruments because none existed,Electronic,1974,"For 'Autobahn', the band constructed custom electronic drums and vocoders in their Kling Klang studio. They were chasing the sound of a car trip, not a band.","Cinematic editorial photograph, a 1970s recording studio. A wall of modular synthesizer cabinets criss-crossed with patch cables. shag carpet, warm orange tungsten light, wood veneer, heavy analog gear. Unnamed figures only — a singer at the microphone or a producer in headphones, faces turned away or in shadow. Documentary feel, as if shot for a magazine. 35mm film, shallow depth of field, fine grain, 16:9 landscape. No text, no logos, no watermarks, no captions."
assets/history/01-07.jpg,01-07,The piano on 'Layla' was never meant to be there,Rock,1970,Drummer Jim Gordon was caught playing a private piano melody during downtime. Eric Clapton heard it through the studio glass and insisted it become the song's second half.,"Cinematic editorial photograph, a 1970s recording studio. A grand piano in a live room, lid open, sheet music scattered. shag carpet, warm orange tungsten light, wood veneer, heavy analog gear. Unnamed figures only — a singer at the microphone or a producer in headphones, faces turned away or in shadow. Documentary feel, as if shot for a magazine. 35mm film, shallow depth of field, fine grain, 16:9 landscape. No text, no logos, no watermarks, no captions."
assets/history/01-08.jpg,01-08,Elvis recorded his first single for his mother,Rock,1953,"At 18, Presley paid Sun Studio's $4 fee to cut 'My Happiness' as a gift. Receptionist Marion Keisker secretly taped a copy because she liked his voice.","Cinematic editorial photograph, a 1950s recording studio. A vocal booth with a large condenser microphone and pop filter, headphones hanging. tube amplifiers, muted teal and cream palette, single overhead lamp. Unnamed figures only — a singer at the microphone or a producer in headphones, faces turned away or in shadow. Documentary feel, as if shot for a magazine. 35mm film, shallow depth of field, fine grain, 16:9 landscape. No text, no logos, no watermarks, no captions."
assets/history/01-09.jpg,01-09,Joni Mitchell tuned her guitar wrong on purpose,Folk,1971,"Polio left Mitchell's left hand weak, so she invented dozens of open tunings that let her voice chords with fewer fingers. Those tunings gave 'Blue' its floating, unplaceable harmony.","Cinematic editorial photograph, a 1970s recording studio. A guitar leaning against a vintage amplifier, cables coiled on the floor. shag carpet, warm orange tungsten light, wood veneer, heavy analog gear. Unnamed figures only — a singer at the microphone or a producer in headphones, faces turned away or in shadow. Documentary feel, as if shot for a magazine. 35mm film, shallow depth of field, fine grain, 16:9 landscape. No text, no logos, no watermarks, no captions."
assets/history/01-10.jpg,01-10,The studio trick that made 'Strawberry Fields' impossible,Rock,1966,Lennon liked two different takes recorded in different keys at different speeds. George Martin sped one up and slowed the other until they met in the middle.,"Cinematic editorial photograph, a 1960s wood-panelled recording studio. A tape machine room, two reels turning, tape boxes hand-labelled in marker. warm tungsten glow, tape machines, amber and walnut palette. Unnamed figures only — a singer at the microphone or a producer in headphones, faces turned away or in shadow. Documentary feel, as if shot for a magazine. 35mm film, shallow depth of field, fine grain, 16:9 landscape. No text, no logos, no watermarks, no captions."
assets/history/01-11.jpg,01-11,Aretha rewrote 'Respect' and took it from Otis,Soul,1967,"Otis Redding's original was a man asking for respect at home. Aretha Franklin flipped the perspective, added the spelled-out hook and the 'sock it to me' backing from her sisters.","Cinematic editorial photograph, a 1960s wood-panelled recording studio. A vocal booth with a large condenser microphone and pop filter, headphones hanging. warm tungsten glow, tape machines, amber and walnut palette. Unnamed figures only — a singer at the microphone or a producer in headphones, faces turned away or in shadow. Documentary feel, as if shot for a magazine. 35mm film, shallow depth of field, fine grain, 16:9 landscape. No text, no logos, no watermarks, no captions."
assets/history/01-12.jpg,01-12,Why disco records used real strings and a metronome,Disco,1975,Philadelphia producers paired full orchestras with a rigid four-on-the-floor kick so DJs could beat-match by hand. The click track was the secret that made mixing possible.,"Cinematic editorial photograph, a 1970s recording studio. A string section mid-session, bows lifted, warm hall lighting. shag carpet, warm orange tungsten light, wood veneer, heavy analog gear. Unnamed figures only — a singer at the microphone or a producer in headphones, faces turned away or in shadow. Documentary feel, as if shot for a magazine. 35mm film, shallow depth of field, fine grain, 16:9 landscape. No text, no logos, no watermarks, no captions."
assets/history/01-13.jpg,01-13,Brian Eno wrote rules on cards to break writer's block,Art Rock,1975,"Frustrated in the studio, Eno printed 'Oblique Strategies' — cards with instructions like 'Honour thy error as a hidden intention'. Musicians drew one when stuck.","Cinematic editorial photograph, a 1970s recording studio. A wall of modular synthesizer cabinets criss-crossed with patch cables. shag carpet, warm orange tungsten light, wood veneer, heavy analog gear. Unnamed figures only — a singer at the microphone or a producer in headphones, faces turned away or in shadow. Documentary feel, as if shot for a magazine. 35mm film, shallow depth of field, fine grain, 16:9 landscape. No text, no logos, no watermarks, no captions."
assets/history/01-14.jpg,01-14,The Roland TR-808 flopped before it changed everything,Hip-Hop,1980,"Roland discontinued the drum machine after three years because it sounded fake next to real drums. Producers bought them cheap secondhand, and its booming kick became the spine of hip-hop.","Cinematic editorial photograph, a 1980s recording studio. A drum room with baffles, a kit lit from one side, sticks resting on the snare. large-format console, cool neon accents against warm lamps, VHS-era palette. Unnamed figures only — a singer at the microphone or a producer in headphones, faces turned away or in shadow. Documentary feel, as if shot for a magazine. 35mm film, shallow depth of field, fine grain, 16:9 landscape. No text, no logos, no watermarks, no captions."
assets/history/01-15.jpg,01-15,Stevie Wonder played nearly every instrument on 'Innervisions',Soul,1973,"Wonder recorded drums, keys, bass and harmonica himself, layering parts alone in the studio through the night. Engineers worked in shifts to keep up with him.","Cinematic editorial photograph, a 1970s recording studio. A grand piano in a live room, lid open, sheet music scattered. shag carpet, warm orange tungsten light, wood veneer, heavy analog gear. Unnamed figures only — a singer at the microphone or a producer in headphones, faces turned away or in shadow. Documentary feel, as if shot for a magazine. 35mm film, shallow depth of field, fine grain, 16:9 landscape. No text, no logos, no watermarks, no captions."
assets/history/01-16.jpg,01-16,Dolly Parton wrote two standards on the same day,Country,1973,Parton has said she wrote 'Jolene' and 'I Will Always Love You' in a single writing session. One was about a bank teller flirting with her husband; the other about leaving her mentor.,"Cinematic editorial photograph, a 1970s recording studio. A guitar leaning against a vintage amplifier, cables coiled on the floor. shag carpet, warm orange tungsten light, wood veneer, heavy analog gear. Unnamed figures only — a singer at the microphone or a producer in headphones, faces turned away or in shadow. Documentary feel, as if shot for a magazine. 35mm film, shallow depth of field, fine grain, 16:9 landscape. No text, no logos, no watermarks, no captions."
assets/history/01-17.jpg,01-17,The Wall of Sound was built by crowding the room,Pop,1963,"Phil Spector packed multiple pianos, guitars and percussionists into a small echo-heavy studio and recorded them as one blurred mass. The point was density, not clarity.","Cinematic editorial photograph, a 1960s wood-panelled recording studio. A large mixing console seen at a low angle, faders lit from above, meters glowing. warm tungsten glow, tape machines, amber and walnut palette. Unnamed figures only — a singer at the microphone or a producer in headphones, faces turned away or in shadow. Documentary feel, as if shot for a magazine. 35mm film, shallow depth of field, fine grain, 16:9 landscape. No text, no logos, no watermarks, no captions."
assets/history/01-18.jpg,01-18,Bob Marley's band recorded in a room with no separation,Reggae,1973,The Wailers cut early sides live in cramped Kingston studios where every mic bled into the others. That bleed is why the records feel like one breathing organism.,"Cinematic editorial photograph, a 1970s recording studio. A large mixing console seen at a low angle, faders lit from above, meters glowing. shag carpet, warm orange tungsten light, wood veneer, heavy analog gear. Unnamed figures only — a singer at the microphone or a producer in headphones, faces turned away or in shadow. Documentary feel, as if shot for a magazine. 35mm film, shallow depth of field, fine grain, 16:9 landscape. No text, no logos, no watermarks, no captions."
assets/history/01-19.jpg,01-19,Miles Davis handed out no sheet music for 'Kind of Blue',Jazz,1959,Davis gave his players only modal sketches minutes before recording. Most of the album is first takes by musicians hearing the material for the first time.,"Cinematic editorial photograph, a 1950s recording studio. A brass section in a live room, horns raised, music stands and chairs. tube amplifiers, muted teal and cream palette, single overhead lamp. Unnamed figures only — a singer at the microphone or a producer in headphones, faces turned away or in shadow. Documentary feel, as if shot for a magazine. 35mm film, shallow depth of field, fine grain, 16:9 landscape. No text, no logos, no watermarks, no captions."
assets/history/01-20.jpg,01-20,Prince played 27 instruments on his debut,Funk,1978,"Warner Bros. doubted a 19-year-old could produce himself, so Prince recorded a demo playing every part. He got full creative control, almost unheard of for a new artist.","Cinematic editorial photograph, a 1970s recording studio. A guitar leaning against a vintage amplifier, cables coiled on the floor. shag carpet, warm orange tungsten light, wood veneer, heavy analog gear. Unnamed figures only — a singer at the microphone or a producer in headphones, faces turned away or in shadow. Documentary feel, as if shot for a magazine. 35mm film, shallow depth of field, fine grain, 16:9 landscape. No text, no logos, no watermarks, no captions."
assets/history/01-21.jpg,01-21,The Fairlight sampler cost as much as a house,Pop,1979,"The first commercial digital sampler sold for tens of thousands of dollars, limiting it to stars like Kate Bush and Peter Gabriel. It let musicians play any recorded sound from a keyboard.","Cinematic editorial photograph, a 1970s recording studio. A beat-making desk with a drum machine and sampler, pads worn from use, records stacked beside. shag carpet, warm orange tungsten light, wood veneer, heavy analog gear. Unnamed figures only — a singer at the microphone or a producer in headphones, faces turned away or in shadow. Documentary feel, as if shot for a magazine. 35mm film, shallow depth of field, fine grain, 16:9 landscape. No text, no logos, no watermarks, no captions."
assets/history/01-22.jpg,01-22,Why 'Bohemian Rhapsody' took three weeks of overdubs,Rock,1975,"Queen layered their vocal harmonies up to 180 times, bouncing tape so often it wore thin. Held to the light, the master was nearly transparent.","Cinematic editorial photograph, a 1970s recording studio. A large mixing console seen at a low angle, faders lit from above, meters glowing. shag carpet, warm orange tungsten light, wood veneer, heavy analog gear. Unnamed figures only — a singer at the microphone or a producer in headphones, faces turned away or in shadow. Documentary feel, as if shot for a magazine. 35mm film, shallow depth of field, fine grain, 16:9 landscape. No text, no logos, no watermarks, no captions."
assets/history/01-23.jpg,01-23,"Nina Simone trained as a classical pianist, not a singer",Jazz,1957,"Denied a place at the Curtis Institute, Simone took a bar job that required singing. She had only ever intended to play Bach, and that classical phrasing never left her.","Cinematic editorial photograph, a 1950s recording studio. A grand piano in a live room, lid open, sheet music scattered. tube amplifiers, muted teal and cream palette, single overhead lamp. Unnamed figures only — a singer at the microphone or a producer in headphones, faces turned away or in shadow. Documentary feel, as if shot for a magazine. 35mm film, shallow depth of field, fine grain, 16:9 landscape. No text, no logos, no watermarks, no captions."
assets/history/01-24.jpg,01-24,The Clash recorded 'London Calling' with a producer who threw chairs,Punk,1979,"Guy Stevens motivated takes by swinging ladders and pouring wine on the piano. The chaos was intentional; he wanted performances, not perfection.","Cinematic editorial photograph, a 1970s recording studio. A guitar leaning against a vintage amplifier, cables coiled on the floor. shag carpet, warm orange tungsten light, wood veneer, heavy analog gear. Unnamed figures only — a singer at the microphone or a producer in headphones, faces turned away or in shadow. Documentary feel, as if shot for a magazine. 35mm film, shallow depth of field, fine grain, 16:9 landscape. No text, no logos, no watermarks, no captions."
assets/history/01-25.jpg,01-25,Hip-hop's first hit used a disco band playing live,Hip-Hop,1979,'Rapper's Delight' didn't sample Chic's 'Good Times' — session musicians replayed the groove because sampling technology barely existed.,"Cinematic editorial photograph, a 1970s recording studio. A DJ setup with two turntables, a battered mixer and milk crates of records. shag carpet, warm orange tungsten light, wood veneer, heavy analog gear. Unnamed figures only — a singer at the microphone or a producer in headphones, faces turned away or in shadow. Documentary feel, as if shot for a magazine. 35mm film, shallow depth of field, fine grain, 16:9 landscape. No text, no logos, no watermarks, no captions."
assets/history/01-26.jpg,01-26,Sly Stone recorded an album on an early drum machine,Funk,1971,"For 'There's a Riot Goin' On', Stone used a primitive rhythm box instead of a drummer, then layered tape until the sound smeared. Critics called it murky; he meant it.","Cinematic editorial photograph, a 1970s recording studio. A drum room with baffles, a kit lit from one side, sticks resting on the snare. shag carpet, warm orange tungsten light, wood veneer, heavy analog gear. Unnamed figures only — a singer at the microphone or a producer in headphones, faces turned away or in shadow. Documentary feel, as if shot for a magazine. 35mm film, shallow depth of field, fine grain, 16:9 landscape. No text, no logos, no watermarks, no captions."
assets/history/01-27.jpg,01-27,Mozart's 'Requiem' was finished by someone else,Classical,1791,"Mozart died leaving the work incomplete. His student Franz Xaver Süssmayr finished it, and his widow hid the fact to secure the commission payment.","Cinematic editorial photograph, a 1920s acoustic-era room. A string section mid-session, bows lifted, warm hall lighting. sepia tones, soft window light, visible dust in the air. Unnamed figures only — a singer at the microphone or a producer in headphones, faces turned away or in shadow. Documentary feel, as if shot for a magazine. 35mm film, shallow depth of field, fine grain, 16:9 landscape. No text, no logos, no watermarks, no captions."
assets/history/01-28.jpg,01-28,Robert Johnson recorded facing the corner of a room,Blues,1936,"In a San Antonio hotel room, Johnson played into the corner. For years it was called superstition; engineers now note it created natural bass reinforcement.","Cinematic editorial photograph, a 1940s broadcast-era studio. A guitar leaning against a vintage amplifier, cables coiled on the floor. warm monochrome palette, hard key light, deep shadows. Unnamed figures only — a singer at the microphone or a producer in headphones, faces turned away or in shadow. Documentary feel, as if shot for a magazine. 35mm film, shallow depth of field, fine grain, 16:9 landscape. No text, no logos, no watermarks, no captions."
assets/history/01-29.jpg,01-29,Talking Heads built 'Remain in Light' from loops before loops existed,New Wave,1980,"The band recorded single-bar grooves and spliced them into endless cycles by hand with razor blades and tape, inspired by Fela Kuti's Afrobeat.","Cinematic editorial photograph, a 1980s recording studio. A tape machine room, two reels turning, tape boxes hand-labelled in marker. large-format console, cool neon accents against warm lamps, VHS-era palette. Unnamed figures only — a singer at the microphone or a producer in headphones, faces turned away or in shadow. Documentary feel, as if shot for a magazine. 35mm film, shallow depth of field, fine grain, 16:9 landscape. No text, no logos, no watermarks, no captions."
assets/history/01-30.jpg,01-30,The Beatles' last live show was on a roof,Rock,1969,"With no venue and no plan, the band played atop their Savile Row office. London police shut it down after 42 minutes, which is why the film has an ending.","Cinematic editorial photograph, a 1960s wood-panelled recording studio. A packed club floor seen from the stage, hands up, haze in the spotlight beams. warm tungsten glow, tape machines, amber and walnut palette. Unnamed figures only — a singer at the microphone or a producer in headphones, faces turned away or in shadow. Documentary feel, as if shot for a magazine. 35mm film, shallow depth of field, fine grain, 16:9 landscape. No text, no logos, no watermarks, no captions."
assets/history/01-31.jpg,01-31,Why reggae's bass sits so far forward,Reggae,1968,Jamaican records were made for outdoor sound systems where bass carried across a street. Engineers cut low frequencies hot and pulled the treble back.,"Cinematic editorial photograph, a 1960s wood-panelled recording studio. A radio broadcast booth, ON AIR lamp lit, microphone on a boom arm. warm tungsten glow, tape machines, amber and walnut palette. Unnamed figures only — a singer at the microphone or a producer in headphones, faces turned away or in shadow. Documentary feel, as if shot for a magazine. 35mm film, shallow depth of field, fine grain, 16:9 landscape. No text, no logos, no watermarks, no captions."
assets/history/02-01.jpg,02-01,Erasmus Hall in Flatbush produced two American icons,Brooklyn,1959,"Barbra Streisand and Neil Diamond both sang in the chorus at Erasmus Hall High School on Flatbush Avenue, a short walk from Cortelyou Road. They barely knew each other then.","Cinematic editorial photograph, a 1950s recording studio. A Brooklyn neighbourhood scene — a Ditmas Park street of Victorian houses, with a packed club floor seen from the stage, hands up, haze in the spotlight beams. tube amplifiers, muted teal and cream palette, single overhead lamp. Unnamed figures only — a singer at the microphone or a producer in headphones, faces turned away or in shadow. Documentary feel, as if shot for a magazine. 35mm film, shallow depth of field, fine grain, 16:9 landscape. No text, no logos, no watermarks, no captions."
assets/history/02-02.jpg,02-02,The Kings Theatre sat dark for 36 years,Brooklyn,1977,The Flatbush Avenue movie palace closed in 1977 and decayed with trees growing through the roof. A restoration reopened it in 2015 as one of Brooklyn's great music rooms.,"Cinematic editorial photograph, a 1970s recording studio. A Brooklyn neighbourhood scene — a Ditmas Park street of Victorian houses, with a packed club floor seen from the stage, hands up, haze in the spotlight beams. shag carpet, warm orange tungsten light, wood veneer, heavy analog gear. Unnamed figures only — a singer at the microphone or a producer in headphones, faces turned away or in shadow. Documentary feel, as if shot for a magazine. 35mm film, shallow depth of field, fine grain, 16:9 landscape. No text, no logos, no watermarks, no captions."
assets/history/02-03.jpg,02-03,Biggie recorded his debut while still selling on the corner,Hip-Hop,1994,"'Ready to Die' was cut while Christopher Wallace was living on St. James Place in Clinton Hill. Producers have described him writing nothing down, holding entire verses in his head.","Cinematic editorial photograph, a 1990s production room. A vocal booth with a large condenser microphone and pop filter, headphones hanging. racks of samplers, gritty fluorescent and lamp mix, cluttered desk. Unnamed figures only — a singer at the microphone or a producer in headphones, faces turned away or in shadow. Documentary feel, as if shot for a magazine. 35mm film, shallow depth of field, fine grain, 16:9 landscape. No text, no logos, no watermarks, no captions."
assets/history/02-04.jpg,02-04,The Beastie Boys started as a Brooklyn hardcore band,Punk,1981,"Before rapping, the Beastie Boys played fast hardcore punk around New York. Their pivot to hip-hop began as a joke track that got better reactions than their punk set.","Cinematic editorial photograph, a 1980s recording studio. A guitar leaning against a vintage amplifier, cables coiled on the floor. large-format console, cool neon accents against warm lamps, VHS-era palette. Unnamed figures only — a singer at the microphone or a producer in headphones, faces turned away or in shadow. Documentary feel, as if shot for a magazine. 35mm film, shallow depth of field, fine grain, 16:9 landscape. No text, no logos, no watermarks, no captions."
assets/history/02-05.jpg,02-05,Coney Island's boardwalk had its own sound,Brooklyn,1950,"Amusement park organs, barkers and competing radios created a dense collage that New York songwriters mined for decades. The Tilyou family's Steeplechase organ was audible for blocks.","Cinematic editorial photograph, a 1950s recording studio. A Brooklyn neighbourhood scene — a Ditmas Park street of Victorian houses, with a packed club floor seen from the stage, hands up, haze in the spotlight beams. tube amplifiers, muted teal and cream palette, single overhead lamp. Unnamed figures only — a singer at the microphone or a producer in headphones, faces turned away or in shadow. Documentary feel, as if shot for a magazine. 35mm film, shallow depth of field, fine grain, 16:9 landscape. No text, no logos, no watermarks, no captions."
assets/history/02-06.jpg,02-06,Bob Marley was born on this day,Reggae,1945,"Born in rural Nine Mile, Jamaica, Marley moved to the Kingston slum of Trench Town as a teenager, where the Wailers formed around vocal-group harmony, not roots reggae.","Cinematic editorial photograph, a 1940s broadcast-era studio. A vocal booth with a large condenser microphone and pop filter, headphones hanging. warm monochrome palette, hard key light, deep shadows. Unnamed figures only — a singer at the microphone or a producer in headphones, faces turned away or in shadow. Documentary feel, as if shot for a magazine. 35mm film, shallow depth of field, fine grain, 16:9 landscape. No text, no logos, no watermarks, no captions."
assets/history/02-07.jpg,02-07,Brooklyn's Fort Greene birthed a jazz-rap scene,Hip-Hop,1990,"In the early nineties, Fort Greene brownstones hosted a circle of artists that fed groups like Digable Planets and later Black Star's Mos Def and Talib Kweli.","Cinematic editorial photograph, a 1990s production room. A DJ setup with two turntables, a battered mixer and milk crates of records. racks of samplers, gritty fluorescent and lamp mix, cluttered desk. Unnamed figures only — a singer at the microphone or a producer in headphones, faces turned away or in shadow. Documentary feel, as if shot for a magazine. 35mm film, shallow depth of field, fine grain, 16:9 landscape. No text, no logos, no watermarks, no captions."
assets/history/02-08.jpg,02-08,"The click track was invented to sync film, not music",Film,1930,"Early sound-film composers punched holes in the film itself to make audible clicks, letting orchestras lock to the picture. Recording studios borrowed it decades later.","Cinematic editorial photograph, a 1940s broadcast-era studio. A tape machine room, two reels turning, tape boxes hand-labelled in marker. warm monochrome palette, hard key light, deep shadows. Unnamed figures only — a singer at the microphone or a producer in headphones, faces turned away or in shadow. Documentary feel, as if shot for a magazine. 35mm film, shallow depth of field, fine grain, 16:9 landscape. No text, no logos, no watermarks, no captions."
assets/history/02-09.jpg,02-09,The Beatles played Ed Sullivan to 73 million people,Rock,1964,"Broadcast from CBS Studio 50 in Manhattan, the performance was watched by roughly 40 percent of America. Crime rates that hour reportedly dipped.","Cinematic editorial photograph, a 1960s wood-panelled recording studio. A radio broadcast booth, ON AIR lamp lit, microphone on a boom arm. warm tungsten glow, tape machines, amber and walnut palette. Unnamed figures only — a singer at the microphone or a producer in headphones, faces turned away or in shadow. Documentary feel, as if shot for a magazine. 35mm film, shallow depth of field, fine grain, 16:9 landscape. No text, no logos, no watermarks, no captions."
assets/history/02-10.jpg,02-10,Dub was born by accident when a vocal track was left off,Reggae,1968,"Engineer King Tubby pressed a version of a record with the vocals missing. Dancers loved it, so he began deliberately stripping tracks and drenching them in echo.","Cinematic editorial photograph, a 1960s wood-panelled recording studio. A large mixing console seen at a low angle, faders lit from above, meters glowing. warm tungsten glow, tape machines, amber and walnut palette. Unnamed figures only — a singer at the microphone or a producer in headphones, faces turned away or in shadow. Documentary feel, as if shot for a magazine. 35mm film, shallow depth of field, fine grain, 16:9 landscape. No text, no logos, no watermarks, no captions."
assets/history/02-11.jpg,02-11,Whitney Houston's mother sang backup for Aretha,Soul,1967,"Cissy Houston led the Sweet Inspirations, who sang behind Aretha Franklin and Elvis. Whitney grew up in studios watching that work.","Cinematic editorial photograph, a 1960s wood-panelled recording studio. A vocal booth with a large condenser microphone and pop filter, headphones hanging. warm tungsten glow, tape machines, amber and walnut palette. Unnamed figures only — a singer at the microphone or a producer in headphones, faces turned away or in shadow. Documentary feel, as if shot for a magazine. 35mm film, shallow depth of field, fine grain, 16:9 landscape. No text, no logos, no watermarks, no captions."
assets/history/02-12.jpg,02-12,Handel wrote 'Messiah' in 24 days,Classical,1741,"Working almost without sleep, Handel completed the 259-page score in just over three weeks. A servant reported finding him weeping at his desk.","Cinematic editorial photograph, a 1920s acoustic-era room. A string section mid-session, bows lifted, warm hall lighting. sepia tones, soft window light, visible dust in the air. Unnamed figures only — a singer at the microphone or a producer in headphones, faces turned away or in shadow. Documentary feel, as if shot for a magazine. 35mm film, shallow depth of field, fine grain, 16:9 landscape. No text, no logos, no watermarks, no captions."
assets/history/02-13.jpg,02-13,The 'Loud War' shrank music's dynamic range,Production,1995,Mastering engineers began compressing records to sound louder than competitors on radio and CD changers. The side effect was flattened peaks and listening fatigue.,"Cinematic editorial photograph, a 1990s production room. A large mixing console seen at a low angle, faders lit from above, meters glowing. racks of samplers, gritty fluorescent and lamp mix, cluttered desk. Unnamed figures only — a singer at the microphone or a producer in headphones, faces turned away or in shadow. Documentary feel, as if shot for a magazine. 35mm film, shallow depth of field, fine grain, 16:9 landscape. No text, no logos, no watermarks, no captions."
assets/history/02-14.jpg,02-14,Ol' Dirty Bastard was born in Fort Greene,Hip-Hop,1968,"Russell Jones grew up in Brooklyn and took his stage name from a kung-fu film, claiming there was 'no father to his style'. His off-key delivery was deliberate.","Cinematic editorial photograph, a 1960s wood-panelled recording studio. A vocal booth with a large condenser microphone and pop filter, headphones hanging. warm tungsten glow, tape machines, amber and walnut palette. Unnamed figures only — a singer at the microphone or a producer in headphones, faces turned away or in shadow. Documentary feel, as if shot for a magazine. 35mm film, shallow depth of field, fine grain, 16:9 landscape. No text, no logos, no watermarks, no captions."
assets/history/02-15.jpg,02-15,Nat King Cole was a pianist first,Jazz,1943,"Cole led an influential piano trio for years before singing became his main draw. He only sang because a club patron demanded it, by his own account.","Cinematic editorial photograph, a 1940s broadcast-era studio. A grand piano in a live room, lid open, sheet music scattered. warm monochrome palette, hard key light, deep shadows. Unnamed figures only — a singer at the microphone or a producer in headphones, faces turned away or in shadow. Documentary feel, as if shot for a magazine. 35mm film, shallow depth of field, fine grain, 16:9 landscape. No text, no logos, no watermarks, no captions."
assets/history/02-16.jpg,02-16,Barclays Center changed which artists tour Brooklyn,Brooklyn,2012,"Before 2012, most arena acts skipped Brooklyn entirely for Manhattan or the Meadowlands. The Atlantic Avenue arena reversed that overnight.","Cinematic editorial photograph, a modern studio. A Brooklyn neighbourhood scene — a Ditmas Park street of Victorian houses, with a packed club floor seen from the stage, hands up, haze in the spotlight beams. clean LED accents, dark room, screen glow. Unnamed figures only — a singer at the microphone or a producer in headphones, faces turned away or in shadow. Documentary feel, as if shot for a magazine. 35mm film, shallow depth of field, fine grain, 16:9 landscape. No text, no logos, no watermarks, no captions."
assets/history/02-17.jpg,02-17,Autotune was invented by an oil industry engineer,Pop,1997,"Andy Hildebrand used seismic data math, designed to find oil underground, to detect and correct pitch. He built it as a subtle repair tool.","Cinematic editorial photograph, a 1990s production room. A wall of modular synthesizer cabinets criss-crossed with patch cables. racks of samplers, gritty fluorescent and lamp mix, cluttered desk. Unnamed figures only — a singer at the microphone or a producer in headphones, faces turned away or in shadow. Documentary feel, as if shot for a magazine. 35mm film, shallow depth of field, fine grain, 16:9 landscape. No text, no logos, no watermarks, no captions."
assets/history/02-18.jpg,02-18,Yoko Ono and John Lennon recorded a heartbeat,Art Rock,1969,"Their experimental albums included a recording of their unborn child's heartbeat, followed by silence after the pregnancy was lost. Few records have been that raw.","Cinematic editorial photograph, a 1960s wood-panelled recording studio. A tape machine room, two reels turning, tape boxes hand-labelled in marker. warm tungsten glow, tape machines, amber and walnut palette. Unnamed figures only — a singer at the microphone or a producer in headphones, faces turned away or in shadow. Documentary feel, as if shot for a magazine. 35mm film, shallow depth of field, fine grain, 16:9 landscape. No text, no logos, no watermarks, no captions."
assets/history/02-19.jpg,02-19,Smokey Robinson wrote the song Motown almost rejected,Soul,1965,"'The Tracks of My Tears' came from a guitar figure Marv Tarplin played for weeks before lyrics existed. Robinson wrote to the guitar, not the other way around.","Cinematic editorial photograph, a 1960s wood-panelled recording studio. A guitar leaning against a vintage amplifier, cables coiled on the floor. warm tungsten glow, tape machines, amber and walnut palette. Unnamed figures only — a singer at the microphone or a producer in headphones, faces turned away or in shadow. Documentary feel, as if shot for a magazine. 35mm film, shallow depth of field, fine grain, 16:9 landscape. No text, no logos, no watermarks, no captions."
assets/history/02-20.jpg,02-20,"Kurt Cobain was born, and later hid melodies in noise",Grunge,1967,"Cobain's writing method paired sweet pop melody with deliberately abrasive tone, a tension he credited to loving both the Beatles and Black Flag.","Cinematic editorial photograph, a 1960s wood-panelled recording studio. A guitar leaning against a vintage amplifier, cables coiled on the floor. warm tungsten glow, tape machines, amber and walnut palette. Unnamed figures only — a singer at the microphone or a producer in headphones, faces turned away or in shadow. Documentary feel, as if shot for a magazine. 35mm film, shallow depth of field, fine grain, 16:9 landscape. No text, no logos, no watermarks, no captions."
assets/history/02-21.jpg,02-21,"Nina Simone played Carnegie Hall, but not as she planned",Jazz,1963,"When Simone finally reached Carnegie Hall, she noted bitterly that she arrived as a pop singer, not the classical concert pianist she trained to be.","Cinematic editorial photograph, a 1960s wood-panelled recording studio. A grand piano in a live room, lid open, sheet music scattered. warm tungsten glow, tape machines, amber and walnut palette. Unnamed figures only — a singer at the microphone or a producer in headphones, faces turned away or in shadow. Documentary feel, as if shot for a magazine. 35mm film, shallow depth of field, fine grain, 16:9 landscape. No text, no logos, no watermarks, no captions."
assets/history/02-22.jpg,02-22,Flatbush's Caribbean records shaped Brooklyn radio,Brooklyn,1970,"Waves of Caribbean migration made Flatbush a hub for calypso, soca and reggae pressings. Local record shops imported Jamaican dubplates before mainstream stores carried them.","Cinematic editorial photograph, a 1970s recording studio. A Brooklyn neighbourhood scene — a Ditmas Park street of Victorian houses, with a radio broadcast booth, ON AIR lamp lit, microphone on a boom arm. shag carpet, warm orange tungsten light, wood veneer, heavy analog gear. Unnamed figures only — a singer at the microphone or a producer in headphones, faces turned away or in shadow. Documentary feel, as if shot for a magazine. 35mm film, shallow depth of field, fine grain, 16:9 landscape. No text, no logos, no watermarks, no captions."
assets/history/02-23.jpg,02-23,George Frideric Handel went blind writing music,Classical,1751,"Handel continued composing and performing after losing his sight, dictating revisions from memory. Audiences reported he still improvised organ solos flawlessly.","Cinematic editorial photograph, a 1920s acoustic-era room. A string section mid-session, bows lifted, warm hall lighting. sepia tones, soft window light, visible dust in the air. Unnamed figures only — a singer at the microphone or a producer in headphones, faces turned away or in shadow. Documentary feel, as if shot for a magazine. 35mm film, shallow depth of field, fine grain, 16:9 landscape. No text, no logos, no watermarks, no captions."
assets/history/02-24.jpg,02-24,The Sugarhill Gang were not a real group,Hip-Hop,1979,Label owner Sylvia Robinson assembled three unknowns after hearing rap at a party. One was auditioned while working at a pizzeria.,"Cinematic editorial photograph, a 1970s recording studio. A DJ setup with two turntables, a battered mixer and milk crates of records. shag carpet, warm orange tungsten light, wood veneer, heavy analog gear. Unnamed figures only — a singer at the microphone or a producer in headphones, faces turned away or in shadow. Documentary feel, as if shot for a magazine. 35mm film, shallow depth of field, fine grain, 16:9 landscape. No text, no logos, no watermarks, no captions."
assets/history/02-25.jpg,02-25,George Harrison's sitar lesson changed rock,Rock,1966,"Harrison studied under Ravi Shankar, who insisted he learn properly rather than use the instrument as decoration. Indian modes then filtered into Western pop.","Cinematic editorial photograph, a 1960s wood-panelled recording studio. A string section mid-session, bows lifted, warm hall lighting. warm tungsten glow, tape machines, amber and walnut palette. Unnamed figures only — a singer at the microphone or a producer in headphones, faces turned away or in shadow. Documentary feel, as if shot for a magazine. 35mm film, shallow depth of field, fine grain, 16:9 landscape. No text, no logos, no watermarks, no captions."
assets/history/02-26.jpg,02-26,Fats Domino sold more records than anyone but Elvis,R&B,1955,The New Orleans pianist's rolling triplets defined early rock piano. He recorded almost everything at Cosimo Matassa's tiny J&M studio.,"Cinematic editorial photograph, a 1950s recording studio. A grand piano in a live room, lid open, sheet music scattered. tube amplifiers, muted teal and cream palette, single overhead lamp. Unnamed figures only — a singer at the microphone or a producer in headphones, faces turned away or in shadow. Documentary feel, as if shot for a magazine. 35mm film, shallow depth of field, fine grain, 16:9 landscape. No text, no logos, no watermarks, no captions."
assets/history/02-27.jpg,02-27,Brooklyn's Prospect Park bandshell started a free summer tradition,Brooklyn,1979,"Celebrate Brooklyn began as a modest neighborhood series and grew into one of America's longest-running free outdoor festivals, minutes from Ditmas Park.","Cinematic editorial photograph, a 1970s recording studio. A Brooklyn neighbourhood scene — a Ditmas Park street of Victorian houses, with a packed club floor seen from the stage, hands up, haze in the spotlight beams. shag carpet, warm orange tungsten light, wood veneer, heavy analog gear. Unnamed figures only — a singer at the microphone or a producer in headphones, faces turned away or in shadow. Documentary feel, as if shot for a magazine. 35mm film, shallow depth of field, fine grain, 16:9 landscape. No text, no logos, no watermarks, no captions."
assets/history/02-28.jpg,02-28,The Moog synthesizer needed a hit to be taken seriously,Electronic,1968,"Wendy Carlos's 'Switched-On Bach' proved the Moog could make music, not just noise. It became one of the best-selling classical records ever.","Cinematic editorial photograph, a 1960s wood-panelled recording studio. A wall of modular synthesizer cabinets criss-crossed with patch cables. warm tungsten glow, tape machines, amber and walnut palette. Unnamed figures only — a singer at the microphone or a producer in headphones, faces turned away or in shadow. Documentary feel, as if shot for a magazine. 35mm film, shallow depth of field, fine grain, 16:9 landscape. No text, no logos, no watermarks, no captions."
assets/history/02-29.jpg,02-29,Leap day gave Gioachino Rossini a rare birthday,Classical,1792,"Born on 29 February, Rossini joked he only aged once every four years. He retired from opera at 37 and spent decades writing small pieces and cooking.","Cinematic editorial photograph, a 1920s acoustic-era room. A string section mid-session, bows lifted, warm hall lighting. sepia tones, soft window light, visible dust in the air. Unnamed figures only — a singer at the microphone or a producer in headphones, faces turned away or in shadow. Documentary feel, as if shot for a magazine. 35mm film, shallow depth of field, fine grain, 16:9 landscape. No text, no logos, no watermarks, no captions."
assets/history/03-01.jpg,03-01,Chopin and the piano that never left the room,Classical,1810,"Chopin wrote almost exclusively for solo piano, rarely performing in large halls because his playing was too quiet. He preferred salons of a few dozen listeners.","Cinematic editorial photograph, a 1920s acoustic-era room. A grand piano in a live room, lid open, sheet music scattered. sepia tones, soft window light, visible dust in the air. Unnamed figures only — a singer at the microphone or a producer in headphones, faces turned away or in shadow. Documentary feel, as if shot for a magazine. 35mm film, shallow depth of field, fine grain, 16:9 landscape. No text, no logos, no watermarks, no captions."
assets/history/03-02.jpg,03-02,Lou Reed recorded an album designed to be unlistenable,Art Rock,1975,'Metal Machine Music' was 64 minutes of guitar feedback. Reed said it was sincere; the label suspected he was escaping a contract.,"Cinematic editorial photograph, a 1970s recording studio. A guitar leaning against a vintage amplifier, cables coiled on the floor. shag carpet, warm orange tungsten light, wood veneer, heavy analog gear. Unnamed figures only — a singer at the microphone or a producer in headphones, faces turned away or in shadow. Documentary feel, as if shot for a magazine. 35mm film, shallow depth of field, fine grain, 16:9 landscape. No text, no logos, no watermarks, no captions."
assets/history/03-03.jpg,03-03,'The Star-Spangled Banner' was set to a drinking song,American,1931,"Francis Scott Key's poem was matched to 'To Anacreon in Heaven', a British social club tune notorious for its difficult octave-and-a-half range.","Cinematic editorial photograph, a 1940s broadcast-era studio. A brass section in a live room, horns raised, music stands and chairs. warm monochrome palette, hard key light, deep shadows. Unnamed figures only — a singer at the microphone or a producer in headphones, faces turned away or in shadow. Documentary feel, as if shot for a magazine. 35mm film, shallow depth of field, fine grain, 16:9 landscape. No text, no logos, no watermarks, no captions."
assets/history/03-04.jpg,03-04,Antonio Vivaldi taught music at an orphanage,Classical,1678,Vivaldi spent decades directing music at a Venetian institution for abandoned girls. Much of his catalogue was written for those young musicians.,"Cinematic editorial photograph, a 1920s acoustic-era room. A string section mid-session, bows lifted, warm hall lighting. sepia tones, soft window light, visible dust in the air. Unnamed figures only — a singer at the microphone or a producer in headphones, faces turned away or in shadow. Documentary feel, as if shot for a magazine. 35mm film, shallow depth of field, fine grain, 16:9 landscape. No text, no logos, no watermarks, no captions."
assets/history/03-05.jpg,03-05,The Notorious B.I.G. was killed at 24,Hip-Hop,1997,Wallace died in Los Angeles weeks before releasing 'Life After Death'. Brooklyn responded with an impromptu street procession through Bed-Stuy.,"Cinematic editorial photograph, a 1990s production room. A vocal booth with a large condenser microphone and pop filter, headphones hanging. racks of samplers, gritty fluorescent and lamp mix, cluttered desk. Unnamed figures only — a singer at the microphone or a producer in headphones, faces turned away or in shadow. Documentary feel, as if shot for a magazine. 35mm film, shallow depth of field, fine grain, 16:9 landscape. No text, no logos, no watermarks, no captions."
assets/history/03-06.jpg,03-06,Sampling law changed because of one bass note,Hip-Hop,2005,"A court ruled that even a two-second sample required clearance, forcing producers to either pay or replay parts. Entire production styles became legally impossible.","Cinematic editorial photograph, a modern studio. A beat-making desk with a drum machine and sampler, pads worn from use, records stacked beside. clean LED accents, dark room, screen glow. Unnamed figures only — a singer at the microphone or a producer in headphones, faces turned away or in shadow. Documentary feel, as if shot for a magazine. 35mm film, shallow depth of field, fine grain, 16:9 landscape. No text, no logos, no watermarks, no captions."
assets/history/03-07.jpg,03-07,Maurice Ravel wrote 'Boléro' as an experiment in repetition,Classical,1928,"Ravel called it 'orchestral tissue without music', a single melody repeated with growing instrumentation and no development. He was surprised it became famous.","Cinematic editorial photograph, a 1920s acoustic-era room. A drum room with baffles, a kit lit from one side, sticks resting on the snare. sepia tones, soft window light, visible dust in the air. Unnamed figures only — a singer at the microphone or a producer in headphones, faces turned away or in shadow. Documentary feel, as if shot for a magazine. 35mm film, shallow depth of field, fine grain, 16:9 landscape. No text, no logos, no watermarks, no captions."
assets/history/03-08.jpg,03-08,Jay-Z grew up in Marcy Houses,Hip-Hop,1969,"Shawn Carter's Bed-Stuy childhood is stitched through his catalogue. Like Biggie, he famously records without writing lyrics down.","Cinematic editorial photograph, a 1960s wood-panelled recording studio. A vocal booth with a large condenser microphone and pop filter, headphones hanging. warm tungsten glow, tape machines, amber and walnut palette. Unnamed figures only — a singer at the microphone or a producer in headphones, faces turned away or in shadow. Documentary feel, as if shot for a magazine. 35mm film, shallow depth of field, fine grain, 16:9 landscape. No text, no logos, no watermarks, no captions."
assets/history/03-09.jpg,03-09,Ella Fitzgerald invented her scat by copying horns,Jazz,1945,"Fitzgerald built solos by imitating trumpet and saxophone lines rather than singing words, turning her voice into a brass instrument.","Cinematic editorial photograph, a 1940s broadcast-era studio. A brass section in a live room, horns raised, music stands and chairs. warm monochrome palette, hard key light, deep shadows. Unnamed figures only — a singer at the microphone or a producer in headphones, faces turned away or in shadow. Documentary feel, as if shot for a magazine. 35mm film, shallow depth of field, fine grain, 16:9 landscape. No text, no logos, no watermarks, no captions."
assets/history/03-10.jpg,03-10,The first commercial radio broadcast changed listening forever,Radio,1920,"Early stations discovered that recorded music filled airtime cheaply. Within a decade, radio play, not sheet music, determined what became a hit.","Cinematic editorial photograph, a 1920s acoustic-era room. A radio broadcast booth, ON AIR lamp lit, microphone on a boom arm. sepia tones, soft window light, visible dust in the air. Unnamed figures only — a singer at the microphone or a producer in headphones, faces turned away or in shadow. Documentary feel, as if shot for a magazine. 35mm film, shallow depth of field, fine grain, 16:9 landscape. No text, no logos, no watermarks, no captions."
assets/history/03-11.jpg,03-11,Bobby McFerrin used no instruments at all,Jazz,1988,"'Don't Worry, Be Happy' is entirely voice and body percussion, multitracked. Listeners assumed they were hearing a full band.","Cinematic editorial photograph, a 1980s recording studio. A vocal booth with a large condenser microphone and pop filter, headphones hanging. large-format console, cool neon accents against warm lamps, VHS-era palette. Unnamed figures only — a singer at the microphone or a producer in headphones, faces turned away or in shadow. Documentary feel, as if shot for a magazine. 35mm film, shallow depth of field, fine grain, 16:9 landscape. No text, no logos, no watermarks, no captions."
assets/history/03-12.jpg,03-12,Ditmas Park's Victorian porches became rehearsal rooms,Brooklyn,1990,The freestanding wooden houses around Cortelyou Road gave Brooklyn musicians something rare: space to make noise. Porch sessions became an informal neighborhood circuit.,"Cinematic editorial photograph, a 1990s production room. A Brooklyn neighbourhood scene — a Ditmas Park street of Victorian houses, with a guitar leaning against a vintage amplifier, cables coiled on the floor. racks of samplers, gritty fluorescent and lamp mix, cluttered desk. Unnamed figures only — a singer at the microphone or a producer in headphones, faces turned away or in shadow. Documentary feel, as if shot for a magazine. 35mm film, shallow depth of field, fine grain, 16:9 landscape. No text, no logos, no watermarks, no captions."
assets/history/03-13.jpg,03-13,Neil Diamond wrote hits in a Brill Building cubicle,Pop,1962,"Before stardom, the Brooklyn-born Diamond wrote songs for hire in a tiny Manhattan office with a piano and a chair, competing with dozens of writers per floor.","Cinematic editorial photograph, a 1960s wood-panelled recording studio. A grand piano in a live room, lid open, sheet music scattered. warm tungsten glow, tape machines, amber and walnut palette. Unnamed figures only — a singer at the microphone or a producer in headphones, faces turned away or in shadow. Documentary feel, as if shot for a magazine. 35mm film, shallow depth of field, fine grain, 16:9 landscape. No text, no logos, no watermarks, no captions."
assets/history/03-14.jpg,03-14,Quincy Jones arranged for Sinatra at 29,Jazz,1962,Jones's charts gave Sinatra's Basie-era records their swing. He later moved from jazz arranging to producing the best-selling album in history.,"Cinematic editorial photograph, a 1960s wood-panelled recording studio. A brass section in a live room, horns raised, music stands and chairs. warm tungsten glow, tape machines, amber and walnut palette. Unnamed figures only — a singer at the microphone or a producer in headphones, faces turned away or in shadow. Documentary feel, as if shot for a magazine. 35mm film, shallow depth of field, fine grain, 16:9 landscape. No text, no logos, no watermarks, no captions."
assets/history/03-15.jpg,03-15,Sister Rosetta Tharpe played electric guitar before Chuck Berry,Gospel,1944,"Tharpe's distorted gospel guitar and showmanship directly shaped rock and roll. Berry, Presley and Little Richard all cited her.","Cinematic editorial photograph, a 1940s broadcast-era studio. A guitar leaning against a vintage amplifier, cables coiled on the floor. warm monochrome palette, hard key light, deep shadows. Unnamed figures only — a singer at the microphone or a producer in headphones, faces turned away or in shadow. Documentary feel, as if shot for a magazine. 35mm film, shallow depth of field, fine grain, 16:9 landscape. No text, no logos, no watermarks, no captions."
assets/history/03-16.jpg,03-16,The Ramones played 2:30 songs to fit more into a set,Punk,1976,"Their debut cost about $6,400 and ran under 30 minutes. Speed and brevity were economic decisions as much as aesthetic ones.","Cinematic editorial photograph, a 1970s recording studio. A guitar leaning against a vintage amplifier, cables coiled on the floor. shag carpet, warm orange tungsten light, wood veneer, heavy analog gear. Unnamed figures only — a singer at the microphone or a producer in headphones, faces turned away or in shadow. Documentary feel, as if shot for a magazine. 35mm film, shallow depth of field, fine grain, 16:9 landscape. No text, no logos, no watermarks, no captions."
assets/history/03-17.jpg,03-17,Nas recorded 'Illmatic' with four different producers,Hip-Hop,1994,"Rather than one house sound, Nas invited DJ Premier, Pete Rock, Q-Tip and Large Professor. The album runs under 40 minutes with no filler.","Cinematic editorial photograph, a 1990s production room. A DJ setup with two turntables, a battered mixer and milk crates of records. racks of samplers, gritty fluorescent and lamp mix, cluttered desk. Unnamed figures only — a singer at the microphone or a producer in headphones, faces turned away or in shadow. Documentary feel, as if shot for a magazine. 35mm film, shallow depth of field, fine grain, 16:9 landscape. No text, no logos, no watermarks, no captions."
assets/history/03-18.jpg,03-18,John Coltrane practiced until his lips bled,Jazz,1960,"Bandmates described Coltrane practicing 12 hours a day, sometimes falling asleep with the horn in his mouth. 'Giant Steps' came from that obsession.","Cinematic editorial photograph, a 1960s wood-panelled recording studio. A brass section in a live room, horns raised, music stands and chairs. warm tungsten glow, tape machines, amber and walnut palette. Unnamed figures only — a singer at the microphone or a producer in headphones, faces turned away or in shadow. Documentary feel, as if shot for a magazine. 35mm film, shallow depth of field, fine grain, 16:9 landscape. No text, no logos, no watermarks, no captions."
assets/history/03-19.jpg,03-19,Wagner built a theater to control how his music was heard,Classical,1876,"Frustrated by noisy houses, Wagner designed Bayreuth with a hidden orchestra pit and a darkened hall, inventing conventions concert audiences still follow.","Cinematic editorial photograph, a 1920s acoustic-era room. A string section mid-session, bows lifted, warm hall lighting. sepia tones, soft window light, visible dust in the air. Unnamed figures only — a singer at the microphone or a producer in headphones, faces turned away or in shadow. Documentary feel, as if shot for a magazine. 35mm film, shallow depth of field, fine grain, 16:9 landscape. No text, no logos, no watermarks, no captions."
assets/history/03-20.jpg,03-20,The first rap record label ran out of a New Jersey house,Hip-Hop,1979,"Sugar Hill Records began as a family operation with a house band and minimal equipment, pressing records faster than major labels could react.","Cinematic editorial photograph, a 1970s recording studio. A DJ setup with two turntables, a battered mixer and milk crates of records. shag carpet, warm orange tungsten light, wood veneer, heavy analog gear. Unnamed figures only — a singer at the microphone or a producer in headphones, faces turned away or in shadow. Documentary feel, as if shot for a magazine. 35mm film, shallow depth of field, fine grain, 16:9 landscape. No text, no logos, no watermarks, no captions."
assets/history/03-21.jpg,03-21,Bach was jailed for trying to quit his job,Classical,1685,Bach spent nearly a month in detention after asking too insistently to leave a court position. He kept composing during his confinement.,"Cinematic editorial photograph, a 1920s acoustic-era room. A grand piano in a live room, lid open, sheet music scattered. sepia tones, soft window light, visible dust in the air. Unnamed figures only — a singer at the microphone or a producer in headphones, faces turned away or in shadow. Documentary feel, as if shot for a magazine. 35mm film, shallow depth of field, fine grain, 16:9 landscape. No text, no logos, no watermarks, no captions."
assets/history/03-22.jpg,03-22,Brooklyn's Fania sound made salsa a global export,Latin,1971,"Fania Records' live shows, many featuring Brooklyn and Bronx players, turned New York salsa into an international movement.","Cinematic editorial photograph, a 1970s recording studio. A brass section in a live room, horns raised, music stands and chairs. shag carpet, warm orange tungsten light, wood veneer, heavy analog gear. Unnamed figures only — a singer at the microphone or a producer in headphones, faces turned away or in shadow. Documentary feel, as if shot for a magazine. 35mm film, shallow depth of field, fine grain, 16:9 landscape. No text, no logos, no watermarks, no captions."
assets/history/03-23.jpg,03-23,Kate Bush choreographed her own videos to tell the story,Art Pop,1978,"Trained in mime and dance, Bush treated the promo video as performance art at a time when most artists simply lip-synced.","Cinematic editorial photograph, a 1970s recording studio. A vocal booth with a large condenser microphone and pop filter, headphones hanging. shag carpet, warm orange tungsten light, wood veneer, heavy analog gear. Unnamed figures only — a singer at the microphone or a producer in headphones, faces turned away or in shadow. Documentary feel, as if shot for a magazine. 35mm film, shallow depth of field, fine grain, 16:9 landscape. No text, no logos, no watermarks, no captions."
assets/history/03-24.jpg,03-24,The Wrecking Crew played on records credited to bands,Pop,1965,A pool of Los Angeles session musicians performed on hits attributed to famous groups. Many listeners never knew.,"Cinematic editorial photograph, a 1960s wood-panelled recording studio. A guitar leaning against a vintage amplifier, cables coiled on the floor. warm tungsten glow, tape machines, amber and walnut palette. Unnamed figures only — a singer at the microphone or a producer in headphones, faces turned away or in shadow. Documentary feel, as if shot for a magazine. 35mm film, shallow depth of field, fine grain, 16:9 landscape. No text, no logos, no watermarks, no captions."
assets/history/03-25.jpg,03-25,"Aretha Franklin was born, and learned in her father's church",Soul,1942,"Franklin grew up singing gospel in Detroit under her preacher father, absorbing a call-and-response phrasing she never abandoned in secular music.","Cinematic editorial photograph, a 1940s broadcast-era studio. A grand piano in a live room, lid open, sheet music scattered. warm monochrome palette, hard key light, deep shadows. Unnamed figures only — a singer at the microphone or a producer in headphones, faces turned away or in shadow. Documentary feel, as if shot for a magazine. 35mm film, shallow depth of field, fine grain, 16:9 landscape. No text, no logos, no watermarks, no captions."
assets/history/03-26.jpg,03-26,Pink Floyd recorded a heartbeat to open an album,Rock,1973,"'The Dark Side of the Moon' opens with a treated bass drum simulating a pulse, then loops of interviews with studio staff answering existential questions.","Cinematic editorial photograph, a 1970s recording studio. A drum room with baffles, a kit lit from one side, sticks resting on the snare. shag carpet, warm orange tungsten light, wood veneer, heavy analog gear. Unnamed figures only — a singer at the microphone or a producer in headphones, faces turned away or in shadow. Documentary feel, as if shot for a magazine. 35mm film, shallow depth of field, fine grain, 16:9 landscape. No text, no logos, no watermarks, no captions."
assets/history/03-27.jpg,03-27,Mariah Carey co-wrote nearly everything she sang,Pop,1990,"Unusual for a young pop signing, Carey held writing credits from her debut, giving her long-term control of her catalogue.","Cinematic editorial photograph, a 1990s production room. A vocal booth with a large condenser microphone and pop filter, headphones hanging. racks of samplers, gritty fluorescent and lamp mix, cluttered desk. Unnamed figures only — a singer at the microphone or a producer in headphones, faces turned away or in shadow. Documentary feel, as if shot for a magazine. 35mm film, shallow depth of field, fine grain, 16:9 landscape. No text, no logos, no watermarks, no captions."
assets/history/03-28.jpg,03-28,Brooklyn's Bushwick lofts became a DIY venue circuit,Brooklyn,2005,"Cheap industrial space turned into all-ages venues run without licenses, incubating a generation of indie bands before rents rose.","Cinematic editorial photograph, a modern studio. A Brooklyn neighbourhood scene — a Ditmas Park street of Victorian houses, with a packed club floor seen from the stage, hands up, haze in the spotlight beams. clean LED accents, dark room, screen glow. Unnamed figures only — a singer at the microphone or a producer in headphones, faces turned away or in shadow. Documentary feel, as if shot for a magazine. 35mm film, shallow depth of field, fine grain, 16:9 landscape. No text, no logos, no watermarks, no captions."
assets/history/03-29.jpg,03-29,The theremin is played without being touched,Electronic,1920,Leon Theremin's instrument responds to hand position in an electromagnetic field. It requires perfect pitch because there is nothing to feel.,"Cinematic editorial photograph, a 1920s acoustic-era room. A wall of modular synthesizer cabinets criss-crossed with patch cables. sepia tones, soft window light, visible dust in the air. Unnamed figures only — a singer at the microphone or a producer in headphones, faces turned away or in shadow. Documentary feel, as if shot for a magazine. 35mm film, shallow depth of field, fine grain, 16:9 landscape. No text, no logos, no watermarks, no captions."
assets/history/03-30.jpg,03-30,Tracy Chapman's breakthrough happened by accident,Folk,1988,"When Stevie Wonder's gear failed at a televised benefit, Chapman was sent back out alone with a guitar. Her album sales exploded within days.","Cinematic editorial photograph, a 1980s recording studio. A guitar leaning against a vintage amplifier, cables coiled on the floor. large-format console, cool neon accents against warm lamps, VHS-era palette. Unnamed figures only — a singer at the microphone or a producer in headphones, faces turned away or in shadow. Documentary feel, as if shot for a magazine. 35mm film, shallow depth of field, fine grain, 16:9 landscape. No text, no logos, no watermarks, no captions."
assets/history/03-31.jpg,03-31,Marvin Gaye had to fight his label to release 'What's Going On',Soul,1971,"Berry Gordy called the record uncommercial and refused to put it out. Gaye went on strike until Motown relented, and it became their landmark album.","Cinematic editorial photograph, a 1970s recording studio. A vocal booth with a large condenser microphone and pop filter, headphones hanging. shag carpet, warm orange tungsten light, wood veneer, heavy analog gear. Unnamed figures only — a singer at the microphone or a producer in headphones, faces turned away or in shadow. Documentary feel, as if shot for a magazine. 35mm film, shallow depth of field, fine grain, 16:9 landscape. No text, no logos, no watermarks, no captions."
assets/history/04-01.jpg,04-01,The 'Funky Drummer' break that built a thousand hits,Funk,1970,Clyde Stubblefield's drum break on James Brown's 'Funky Drummer' was improvised filler. It became one of the most sampled recordings in history.,"Cinematic editorial photograph, a 1970s recording studio. A drum room with baffles, a kit lit from one side, sticks resting on the snare. shag carpet, warm orange tungsten light, wood veneer, heavy analog gear. Unnamed figures only — a singer at the microphone or a producer in headphones, faces turned away or in shadow. Documentary feel, as if shot for a magazine. 35mm film, shallow depth of field, fine grain, 16:9 landscape. No text, no logos, no watermarks, no captions."
assets/history/04-02.jpg,04-02,Which 'Respect' wins: Otis or Aretha?,Soul,1967,"Otis Redding wrote it in 1965 as a working man's plea. Aretha Franklin rebuilt it in 1967 as a demand, adding the spelling hook and her sisters' backing vocals.","Cinematic editorial photograph, a 1960s wood-panelled recording studio. A vocal booth with a large condenser microphone and pop filter, headphones hanging. warm tungsten glow, tape machines, amber and walnut palette. Unnamed figures only — a singer at the microphone or a producer in headphones, faces turned away or in shadow. Documentary feel, as if shot for a magazine. 35mm film, shallow depth of field, fine grain, 16:9 landscape. No text, no logos, no watermarks, no captions."
assets/history/04-03.jpg,04-03,Nile Rodgers' guitar is on more hits than you think,Disco,1979,"The Chic guitarist's clipped 'chucking' style powered his own band, then Bowie's 'Let's Dance', Madonna's 'Like a Virgin' and Daft Punk's 'Get Lucky'.","Cinematic editorial photograph, a 1970s recording studio. A guitar leaning against a vintage amplifier, cables coiled on the floor. shag carpet, warm orange tungsten light, wood veneer, heavy analog gear. Unnamed figures only — a singer at the microphone or a producer in headphones, faces turned away or in shadow. Documentary feel, as if shot for a magazine. 35mm film, shallow depth of field, fine grain, 16:9 landscape. No text, no logos, no watermarks, no captions."
assets/history/04-04.jpg,04-04,Marvin Gaye's 'Inner City Blues' hid a second bassline,Soul,1971,"Bassist Bob Babbitt and James Jamerson both appear across the album, and Gaye layered a second bass an octave apart to thicken the low end.","Cinematic editorial photograph, a 1970s recording studio. A guitar leaning against a vintage amplifier, cables coiled on the floor. shag carpet, warm orange tungsten light, wood veneer, heavy analog gear. Unnamed figures only — a singer at the microphone or a producer in headphones, faces turned away or in shadow. Documentary feel, as if shot for a magazine. 35mm film, shallow depth of field, fine grain, 16:9 landscape. No text, no logos, no watermarks, no captions."
assets/history/04-05.jpg,04-05,The Amen break is six seconds long and built three genres,Funk,1969,"Chopped and sped up, the Winstons' break became the engine of jungle, drum and bass and UK hardcore, often at double its original tempo.","Cinematic editorial photograph, a 1960s wood-panelled recording studio. A drum room with baffles, a kit lit from one side, sticks resting on the snare. warm tungsten glow, tape machines, amber and walnut palette. Unnamed figures only — a singer at the microphone or a producer in headphones, faces turned away or in shadow. Documentary feel, as if shot for a magazine. 35mm film, shallow depth of field, fine grain, 16:9 landscape. No text, no logos, no watermarks, no captions."
assets/history/04-06.jpg,04-06,Which 'Hallelujah' wins: Cohen or Buckley?,Folk,1984,"Leonard Cohen wrote around 80 verses and released a restrained gospel-tinged version. Jeff Buckley's 1994 reading, learned from John Cale's cover, made it a standard.","Cinematic editorial photograph, a 1980s recording studio. A guitar leaning against a vintage amplifier, cables coiled on the floor. large-format console, cool neon accents against warm lamps, VHS-era palette. Unnamed figures only — a singer at the microphone or a producer in headphones, faces turned away or in shadow. Documentary feel, as if shot for a magazine. 35mm film, shallow depth of field, fine grain, 16:9 landscape. No text, no logos, no watermarks, no captions."
assets/history/04-07.jpg,04-07,Billie Holiday recorded a protest song no label would touch,Jazz,1939,"Columbia refused 'Strange Fruit', so Holiday cut it for tiny Commodore Records. Clubs made her close with it, lights out, no encore.","Cinematic editorial photograph, a 1940s broadcast-era studio. A vocal booth with a large condenser microphone and pop filter, headphones hanging. warm monochrome palette, hard key light, deep shadows. Unnamed figures only — a singer at the microphone or a producer in headphones, faces turned away or in shadow. Documentary feel, as if shot for a magazine. 35mm film, shallow depth of field, fine grain, 16:9 landscape. No text, no logos, no watermarks, no captions."
assets/history/04-08.jpg,04-08,Brooklyn's Bed-Stuy gave hip-hop its densest block,Hip-Hop,1988,"Within a few square blocks, Big Daddy Kane, Jay-Z, Biggie, Lil' Kim and Masta Ace all emerged, a concentration unmatched anywhere.","Cinematic editorial photograph, a 1980s recording studio. A DJ setup with two turntables, a battered mixer and milk crates of records. large-format console, cool neon accents against warm lamps, VHS-era palette. Unnamed figures only — a singer at the microphone or a producer in headphones, faces turned away or in shadow. Documentary feel, as if shot for a magazine. 35mm film, shallow depth of field, fine grain, 16:9 landscape. No text, no logos, no watermarks, no captions."
assets/history/04-09.jpg,04-09,Rick Rubin produced by taking things away,Hip-Hop,1986,"Rubin's method was subtraction: strip the arrangement until only the essential remains. He applied it to Run-DMC, Slayer, Johnny Cash and Adele.","Cinematic editorial photograph, a 1980s recording studio. A large mixing console seen at a low angle, faders lit from above, meters glowing. large-format console, cool neon accents against warm lamps, VHS-era palette. Unnamed figures only — a singer at the microphone or a producer in headphones, faces turned away or in shadow. Documentary feel, as if shot for a magazine. 35mm film, shallow depth of field, fine grain, 16:9 landscape. No text, no logos, no watermarks, no captions."
assets/history/04-10.jpg,04-10,'Under Pressure' was a jam nobody planned,Rock,1981,Bowie and Queen were in the same Swiss studio and started improvising. The famous bassline came from John Deacon noodling during a break.,"Cinematic editorial photograph, a 1980s recording studio. A guitar leaning against a vintage amplifier, cables coiled on the floor. large-format console, cool neon accents against warm lamps, VHS-era palette. Unnamed figures only — a singer at the microphone or a producer in headphones, faces turned away or in shadow. Documentary feel, as if shot for a magazine. 35mm film, shallow depth of field, fine grain, 16:9 landscape. No text, no logos, no watermarks, no captions."
assets/history/04-11.jpg,04-11,Which 'I Will Always Love You' wins: Dolly or Whitney?,Country,1974,Dolly Parton wrote it as a quiet goodbye to her mentor. Whitney Houston's 1992 version added the a cappella opening that producer David Foster fought for.,"Cinematic editorial photograph, a 1970s recording studio. A vocal booth with a large condenser microphone and pop filter, headphones hanging. shag carpet, warm orange tungsten light, wood veneer, heavy analog gear. Unnamed figures only — a singer at the microphone or a producer in headphones, faces turned away or in shadow. Documentary feel, as if shot for a magazine. 35mm film, shallow depth of field, fine grain, 16:9 landscape. No text, no logos, no watermarks, no captions."
assets/history/04-12.jpg,04-12,The 'Think' break gave hip-hop its whistle,Funk,1972,"Lyn Collins' 'Think (About It)', produced by James Brown, supplied the 'woo! yeah!' stabs heard on hundreds of records.","Cinematic editorial photograph, a 1970s recording studio. A drum room with baffles, a kit lit from one side, sticks resting on the snare. shag carpet, warm orange tungsten light, wood veneer, heavy analog gear. Unnamed figures only — a singer at the microphone or a producer in headphones, faces turned away or in shadow. Documentary feel, as if shot for a magazine. 35mm film, shallow depth of field, fine grain, 16:9 landscape. No text, no logos, no watermarks, no captions."
assets/history/04-13.jpg,04-13,Carole King wrote hits in Brooklyn before singing them,Pop,1942,"Born in Manhattan and raised in Brooklyn, King wrote dozens of standards with Gerry Goffin before 'Tapestry' made her a performer.","Cinematic editorial photograph, a 1940s broadcast-era studio. A grand piano in a live room, lid open, sheet music scattered. warm monochrome palette, hard key light, deep shadows. Unnamed figures only — a singer at the microphone or a producer in headphones, faces turned away or in shadow. Documentary feel, as if shot for a magazine. 35mm film, shallow depth of field, fine grain, 16:9 landscape. No text, no logos, no watermarks, no captions."
assets/history/04-14.jpg,04-14,Bernie Worrell made the synthesizer funky,Funk,1975,"Parliament-Funkadelic's keyboardist treated the Moog as a bass instrument, inventing the squelching low end that shaped G-funk two decades later.","Cinematic editorial photograph, a 1970s recording studio. A wall of modular synthesizer cabinets criss-crossed with patch cables. shag carpet, warm orange tungsten light, wood veneer, heavy analog gear. Unnamed figures only — a singer at the microphone or a producer in headphones, faces turned away or in shadow. Documentary feel, as if shot for a magazine. 35mm film, shallow depth of field, fine grain, 16:9 landscape. No text, no logos, no watermarks, no captions."
assets/history/04-15.jpg,04-15,Which 'Tainted Love' wins: Gloria Jones or Soft Cell?,Pop,1964,Gloria Jones cut a fast Northern Soul stomper that flopped. Soft Cell slowed it to a synth crawl in 1981 and had a worldwide hit.,"Cinematic editorial photograph, a 1960s wood-panelled recording studio. A wall of modular synthesizer cabinets criss-crossed with patch cables. warm tungsten glow, tape machines, amber and walnut palette. Unnamed figures only — a singer at the microphone or a producer in headphones, faces turned away or in shadow. Documentary feel, as if shot for a magazine. 35mm film, shallow depth of field, fine grain, 16:9 landscape. No text, no logos, no watermarks, no captions."
assets/history/04-16.jpg,04-16,Dub plates were one-off records made for a single night,Reggae,1975,Sound systems cut exclusive acetates so rivals could not play their tunes. The discs wore out after a few dozen plays.,"Cinematic editorial photograph, a 1970s recording studio. A DJ setup with two turntables, a battered mixer and milk crates of records. shag carpet, warm orange tungsten light, wood veneer, heavy analog gear. Unnamed figures only — a singer at the microphone or a producer in headphones, faces turned away or in shadow. Documentary feel, as if shot for a magazine. 35mm film, shallow depth of field, fine grain, 16:9 landscape. No text, no logos, no watermarks, no captions."
assets/history/04-17.jpg,04-17,'Superstition' began as a gift to a guitarist,Soul,1972,"Stevie Wonder wrote the clavinet riff for Jeff Beck. When Motown heard it, they insisted Wonder keep it, straining the friendship.","Cinematic editorial photograph, a 1970s recording studio. A grand piano in a live room, lid open, sheet music scattered. shag carpet, warm orange tungsten light, wood veneer, heavy analog gear. Unnamed figures only — a singer at the microphone or a producer in headphones, faces turned away or in shadow. Documentary feel, as if shot for a magazine. 35mm film, shallow depth of field, fine grain, 16:9 landscape. No text, no logos, no watermarks, no captions."
assets/history/04-18.jpg,04-18,The producer who never let artists hear playback,Pop,1963,"Phil Spector often refused to let performers hear the full mix, keeping the arrangement in his head so no one could argue with it.","Cinematic editorial photograph, a 1960s wood-panelled recording studio. A large mixing console seen at a low angle, faders lit from above, meters glowing. warm tungsten glow, tape machines, amber and walnut palette. Unnamed figures only — a singer at the microphone or a producer in headphones, faces turned away or in shadow. Documentary feel, as if shot for a magazine. 35mm film, shallow depth of field, fine grain, 16:9 landscape. No text, no logos, no watermarks, no captions."
assets/history/04-19.jpg,04-19,'Apache' is called the national anthem of hip-hop,Funk,1973,The Incredible Bongo Band's cover gave DJs a long percussion break perfect for cutting between two turntables.,"Cinematic editorial photograph, a 1970s recording studio. A drum room with baffles, a kit lit from one side, sticks resting on the snare. shag carpet, warm orange tungsten light, wood veneer, heavy analog gear. Unnamed figures only — a singer at the microphone or a producer in headphones, faces turned away or in shadow. Documentary feel, as if shot for a magazine. 35mm film, shallow depth of field, fine grain, 16:9 landscape. No text, no logos, no watermarks, no captions."
assets/history/04-20.jpg,04-20,Luther Vandross sang jingles before he sang ballads,R&B,1975,Vandross earned a living singing commercials and backing vocals for Bowie and Chic before launching a solo career.,"Cinematic editorial photograph, a 1970s recording studio. A vocal booth with a large condenser microphone and pop filter, headphones hanging. shag carpet, warm orange tungsten light, wood veneer, heavy analog gear. Unnamed figures only — a singer at the microphone or a producer in headphones, faces turned away or in shadow. Documentary feel, as if shot for a magazine. 35mm film, shallow depth of field, fine grain, 16:9 landscape. No text, no logos, no watermarks, no captions."
assets/history/04-21.jpg,04-21,"Prince died, leaving a vault of unreleased music",Funk,2016,"Prince recorded relentlessly, storing thousands of unreleased tracks in a bank-style vault at Paisley Park. Estimates suggest decades of material.","Cinematic editorial photograph, a modern studio. A guitar leaning against a vintage amplifier, cables coiled on the floor. clean LED accents, dark room, screen glow. Unnamed figures only — a singer at the microphone or a producer in headphones, faces turned away or in shadow. Documentary feel, as if shot for a magazine. 35mm film, shallow depth of field, fine grain, 16:9 landscape. No text, no logos, no watermarks, no captions."
assets/history/04-22.jpg,04-22,Which 'Girls Just Want to Have Fun' wins: Hazard or Lauper?,Pop,1979,"Robert Hazard wrote it from a man's perspective as a demo. Cyndi Lauper rewrote the meaning entirely, turning it into a feminist anthem.","Cinematic editorial photograph, a 1970s recording studio. A vocal booth with a large condenser microphone and pop filter, headphones hanging. shag carpet, warm orange tungsten light, wood veneer, heavy analog gear. Unnamed figures only — a singer at the microphone or a producer in headphones, faces turned away or in shadow. Documentary feel, as if shot for a magazine. 35mm film, shallow depth of field, fine grain, 16:9 landscape. No text, no logos, no watermarks, no captions."
assets/history/04-23.jpg,04-23,Ray Charles fused gospel and blues and offended both,Soul,1954,'I Got a Woman' set secular lyrics to a gospel structure. Churches called it sacrilege; it also invented soul music.,"Cinematic editorial photograph, a 1950s recording studio. A grand piano in a live room, lid open, sheet music scattered. tube amplifiers, muted teal and cream palette, single overhead lamp. Unnamed figures only — a singer at the microphone or a producer in headphones, faces turned away or in shadow. Documentary feel, as if shot for a magazine. 35mm film, shallow depth of field, fine grain, 16:9 landscape. No text, no logos, no watermarks, no captions."
assets/history/04-24.jpg,04-24,Kool Herc invented the breakbeat at a Bronx party,Hip-Hop,1973,"Herc noticed dancers waited for the drum break, so he used two copies of a record to loop it indefinitely. Hip-hop starts there.","Cinematic editorial photograph, a 1970s recording studio. A DJ setup with two turntables, a battered mixer and milk crates of records. shag carpet, warm orange tungsten light, wood veneer, heavy analog gear. Unnamed figures only — a singer at the microphone or a producer in headphones, faces turned away or in shadow. Documentary feel, as if shot for a magazine. 35mm film, shallow depth of field, fine grain, 16:9 landscape. No text, no logos, no watermarks, no captions."
assets/history/04-25.jpg,04-25,Ella and Louis recorded almost entirely live,Jazz,1956,"Their duet albums were cut with both singers in the room, no overdubs, letting the timing breathe imperfectly on purpose.","Cinematic editorial photograph, a 1950s recording studio. A brass section in a live room, horns raised, music stands and chairs. tube amplifiers, muted teal and cream palette, single overhead lamp. Unnamed figures only — a singer at the microphone or a producer in headphones, faces turned away or in shadow. Documentary feel, as if shot for a magazine. 35mm film, shallow depth of field, fine grain, 16:9 landscape. No text, no logos, no watermarks, no captions."
assets/history/04-26.jpg,04-26,Grandmaster Flash built his mixer by hand,Hip-Hop,1977,"Trained in electronics, Flash rigged a crossfader and cue system so he could hear the next record before the crowd did.","Cinematic editorial photograph, a 1970s recording studio. A large mixing console seen at a low angle, faders lit from above, meters glowing. shag carpet, warm orange tungsten light, wood veneer, heavy analog gear. Unnamed figures only — a singer at the microphone or a producer in headphones, faces turned away or in shadow. Documentary feel, as if shot for a magazine. 35mm film, shallow depth of field, fine grain, 16:9 landscape. No text, no logos, no watermarks, no captions."
assets/history/04-27.jpg,04-27,'Change the Beat' gave the world its most-scratched sound,Hip-Hop,1982,"The 'ahhh, fresh' vocoder phrase at the end of Fab 5 Freddy's record became the single most-scratched sample in DJ history.","Cinematic editorial photograph, a 1980s recording studio. A DJ setup with two turntables, a battered mixer and milk crates of records. large-format console, cool neon accents against warm lamps, VHS-era palette. Unnamed figures only — a singer at the microphone or a producer in headphones, faces turned away or in shadow. Documentary feel, as if shot for a magazine. 35mm film, shallow depth of field, fine grain, 16:9 landscape. No text, no logos, no watermarks, no captions."
assets/history/04-28.jpg,04-28,Ann Peebles wrote a hit about wanting bad weather,Soul,1973,'I Can't Stand the Rain' came from an offhand complaint about going out in a storm. Her co-writers turned the line into the hook on the spot.,"Cinematic editorial photograph, a 1970s recording studio. A drum room with baffles, a kit lit from one side, sticks resting on the snare. shag carpet, warm orange tungsten light, wood veneer, heavy analog gear. Unnamed figures only — a singer at the microphone or a producer in headphones, faces turned away or in shadow. Documentary feel, as if shot for a magazine. 35mm film, shallow depth of field, fine grain, 16:9 landscape. No text, no logos, no watermarks, no captions."
assets/history/04-29.jpg,04-29,"Duke Ellington wrote for specific players, not instruments",Jazz,1899,"Ellington composed around individual musicians' quirks, writing parts only they could play. Replacing a member meant rewriting the music.","Cinematic editorial photograph, a 1920s acoustic-era room. A brass section in a live room, horns raised, music stands and chairs. sepia tones, soft window light, visible dust in the air. Unnamed figures only — a singer at the microphone or a producer in headphones, faces turned away or in shadow. Documentary feel, as if shot for a magazine. 35mm film, shallow depth of field, fine grain, 16:9 landscape. No text, no logos, no watermarks, no captions."
assets/history/04-30.jpg,04-30,The Ditmas Park porch concert circuit,Brooklyn,2010,"Neighbors around Cortelyou Road turned Victorian porches into micro-venues, hosting acoustic sets for audiences of thirty. The tradition continues each summer.","Cinematic editorial photograph, a modern studio. A Brooklyn neighbourhood scene — a Ditmas Park street of Victorian houses, with a packed club floor seen from the stage, hands up, haze in the spotlight beams. clean LED accents, dark room, screen glow. Unnamed figures only — a singer at the microphone or a producer in headphones, faces turned away or in shadow. Documentary feel, as if shot for a magazine. 35mm film, shallow depth of field, fine grain, 16:9 landscape. No text, no logos, no watermarks, no captions."
assets/history/05-01.jpg,05-01,'Sunshine of Your Love' came from a bass riff heard at a gig,Rock,1967,Jack Bruce wrote the riff after seeing Jimi Hendrix play live and going home to his bass at dawn.,"Cinematic editorial photograph, a 1960s wood-panelled recording studio. A guitar leaning against a vintage amplifier, cables coiled on the floor. warm tungsten glow, tape machines, amber and walnut palette. Unnamed figures only — a singer at the microphone or a producer in headphones, faces turned away or in shadow. Documentary feel, as if shot for a magazine. 35mm film, shallow depth of field, fine grain, 16:9 landscape. No text, no logos, no watermarks, no captions."
assets/history/05-02.jpg,05-02,Which 'Blinded by the Light' wins: Springsteen or Manfred Mann?,Rock,1973,"Springsteen's original is a wordy folk-rock rush. Manfred Mann's Earth Band slowed it, changed a lyric and scored the only Springsteen-written US number one.","Cinematic editorial photograph, a 1970s recording studio. A guitar leaning against a vintage amplifier, cables coiled on the floor. shag carpet, warm orange tungsten light, wood veneer, heavy analog gear. Unnamed figures only — a singer at the microphone or a producer in headphones, faces turned away or in shadow. Documentary feel, as if shot for a magazine. 35mm film, shallow depth of field, fine grain, 16:9 landscape. No text, no logos, no watermarks, no captions."
assets/history/05-03.jpg,05-03,James Jamerson never wrote his basslines down,Soul,1936,"Motown's uncredited bassist improvised most parts on first take. Because nothing was notated, many lines were lost when he died.","Cinematic editorial photograph, a 1940s broadcast-era studio. A guitar leaning against a vintage amplifier, cables coiled on the floor. warm monochrome palette, hard key light, deep shadows. Unnamed figures only — a singer at the microphone or a producer in headphones, faces turned away or in shadow. Documentary feel, as if shot for a magazine. 35mm film, shallow depth of field, fine grain, 16:9 landscape. No text, no logos, no watermarks, no captions."
assets/history/05-04.jpg,05-04,'Sing Sing' delivered the drums for a hip-hop decade,Hip-Hop,1976,"Gaz's 'Sing Sing' and its cousins supplied breaks that New York DJs guarded like secrets, soaking labels off records to hide titles.","Cinematic editorial photograph, a 1970s recording studio. A DJ setup with two turntables, a battered mixer and milk crates of records. shag carpet, warm orange tungsten light, wood veneer, heavy analog gear. Unnamed figures only — a singer at the microphone or a producer in headphones, faces turned away or in shadow. Documentary feel, as if shot for a magazine. 35mm film, shallow depth of field, fine grain, 16:9 landscape. No text, no logos, no watermarks, no captions."
assets/history/05-05.jpg,05-05,Bo Diddley built his own rectangular guitars,Blues,1955,Diddley designed square-bodied guitars because standard shapes were awkward when he jumped around on stage. His clave-derived rhythm became a genre unto itself.,"Cinematic editorial photograph, a 1950s recording studio. A guitar leaning against a vintage amplifier, cables coiled on the floor. tube amplifiers, muted teal and cream palette, single overhead lamp. Unnamed figures only — a singer at the microphone or a producer in headphones, faces turned away or in shadow. Documentary feel, as if shot for a magazine. 35mm film, shallow depth of field, fine grain, 16:9 landscape. No text, no logos, no watermarks, no captions."
assets/history/05-06.jpg,05-06,Sam Cooke wrote 'A Change Is Gonna Come' after hearing Dylan,Soul,1964,"Cooke was struck that a white songwriter had written 'Blowin' in the Wind' before he had written anything like it, and responded within months.","Cinematic editorial photograph, a 1960s wood-panelled recording studio. A string section mid-session, bows lifted, warm hall lighting. warm tungsten glow, tape machines, amber and walnut palette. Unnamed figures only — a singer at the microphone or a producer in headphones, faces turned away or in shadow. Documentary feel, as if shot for a magazine. 35mm film, shallow depth of field, fine grain, 16:9 landscape. No text, no logos, no watermarks, no captions."
assets/history/05-07.jpg,05-07,'La Di Da Di' is a rap record with no instruments,Hip-Hop,1985,Doug E. Fresh beatboxed the entire backing track while Slick Rick rapped over it. Nothing else appears on the recording.,"Cinematic editorial photograph, a 1980s recording studio. A vocal booth with a large condenser microphone and pop filter, headphones hanging. large-format console, cool neon accents against warm lamps, VHS-era palette. Unnamed figures only — a singer at the microphone or a producer in headphones, faces turned away or in shadow. Documentary feel, as if shot for a magazine. 35mm film, shallow depth of field, fine grain, 16:9 landscape. No text, no logos, no watermarks, no captions."
assets/history/05-08.jpg,05-08,Robert Moog never intended to build a music instrument,Electronic,1934,Moog was a theremin hobbyist and engineer who built modules to order. Musicians told him what they needed and the synthesizer emerged.,"Cinematic editorial photograph, a 1940s broadcast-era studio. A wall of modular synthesizer cabinets criss-crossed with patch cables. warm monochrome palette, hard key light, deep shadows. Unnamed figures only — a singer at the microphone or a producer in headphones, faces turned away or in shadow. Documentary feel, as if shot for a magazine. 35mm film, shallow depth of field, fine grain, 16:9 landscape. No text, no logos, no watermarks, no captions."
assets/history/05-09.jpg,05-09,Which 'Nothing Compares 2 U' wins: Prince or Sinéad?,Pop,1985,"Prince wrote it for his side project The Family. Sinéad O'Connor's 1990 version, with its single-shot video, became definitive.","Cinematic editorial photograph, a 1980s recording studio. A vocal booth with a large condenser microphone and pop filter, headphones hanging. large-format console, cool neon accents against warm lamps, VHS-era palette. Unnamed figures only — a singer at the microphone or a producer in headphones, faces turned away or in shadow. Documentary feel, as if shot for a magazine. 35mm film, shallow depth of field, fine grain, 16:9 landscape. No text, no logos, no watermarks, no captions."
assets/history/05-10.jpg,05-10,Bo Hansson and the rise of the bedroom studio,Electronic,1970,"Long before home recording was normal, musicians began assembling private studios, shifting power away from label-owned rooms.","Cinematic editorial photograph, a 1970s recording studio. A tape machine room, two reels turning, tape boxes hand-labelled in marker. shag carpet, warm orange tungsten light, wood veneer, heavy analog gear. Unnamed figures only — a singer at the microphone or a producer in headphones, faces turned away or in shadow. Documentary feel, as if shot for a magazine. 35mm film, shallow depth of field, fine grain, 16:9 landscape. No text, no logos, no watermarks, no captions."
assets/history/05-11.jpg,05-11,Bob Marley survived being shot and played two days later,Reggae,1976,"Gunmen wounded Marley at his Kingston home before a peace concert. He performed anyway, showing the crowd his injured arm.","Cinematic editorial photograph, a 1970s recording studio. A vocal booth with a large condenser microphone and pop filter, headphones hanging. shag carpet, warm orange tungsten light, wood veneer, heavy analog gear. Unnamed figures only — a singer at the microphone or a producer in headphones, faces turned away or in shadow. Documentary feel, as if shot for a magazine. 35mm film, shallow depth of field, fine grain, 16:9 landscape. No text, no logos, no watermarks, no captions."
assets/history/05-12.jpg,05-12,The Winstons' break has its own documentary,Funk,1969,"Decades after 'Amen, Brother', filmmakers traced how six seconds spawned entire scenes without the band's knowledge or payment.","Cinematic editorial photograph, a 1960s wood-panelled recording studio. A drum room with baffles, a kit lit from one side, sticks resting on the snare. warm tungsten glow, tape machines, amber and walnut palette. Unnamed figures only — a singer at the microphone or a producer in headphones, faces turned away or in shadow. Documentary feel, as if shot for a magazine. 35mm film, shallow depth of field, fine grain, 16:9 landscape. No text, no logos, no watermarks, no captions."
assets/history/05-13.jpg,05-13,Stevie Wonder's harmonica part was a first take,Soul,1963,"'Fingertips' captured a 12-year-old improvising live, including a bassist audibly asking 'What key? What key?' as the band scrambled.","Cinematic editorial photograph, a 1960s wood-panelled recording studio. A packed club floor seen from the stage, hands up, haze in the spotlight beams. warm tungsten glow, tape machines, amber and walnut palette. Unnamed figures only — a singer at the microphone or a producer in headphones, faces turned away or in shadow. Documentary feel, as if shot for a magazine. 35mm film, shallow depth of field, fine grain, 16:9 landscape. No text, no logos, no watermarks, no captions."
assets/history/05-14.jpg,05-14,Sister Nancy's 'Bam Bam' is reggae's most reused hook,Reggae,1982,"Recorded quickly over an existing riddim, it became one of the most sampled Jamaican records ever, though she saw little income for decades.","Cinematic editorial photograph, a 1980s recording studio. A vocal booth with a large condenser microphone and pop filter, headphones hanging. large-format console, cool neon accents against warm lamps, VHS-era palette. Unnamed figures only — a singer at the microphone or a producer in headphones, faces turned away or in shadow. Documentary feel, as if shot for a magazine. 35mm film, shallow depth of field, fine grain, 16:9 landscape. No text, no logos, no watermarks, no captions."
assets/history/05-15.jpg,05-15,Brooklyn's Coney Island Baby and the doo-wop corners,Brooklyn,1958,"Street-corner harmony groups rehearsed in Brooklyn subway entrances and hallways for the natural reverb, an early form of free studio time.","Cinematic editorial photograph, a 1950s recording studio. A Brooklyn neighbourhood scene — a Ditmas Park street of Victorian houses, with a packed club floor seen from the stage, hands up, haze in the spotlight beams. tube amplifiers, muted teal and cream palette, single overhead lamp. Unnamed figures only — a singer at the microphone or a producer in headphones, faces turned away or in shadow. Documentary feel, as if shot for a magazine. 35mm film, shallow depth of field, fine grain, 16:9 landscape. No text, no logos, no watermarks, no captions."
assets/history/05-16.jpg,05-16,Which 'Mr. Tambourine Man' wins: Dylan or The Byrds?,Folk,1965,Dylan's original is a long acoustic reverie. The Byrds cut it to two and a half minutes with a 12-string Rickenbacker and invented folk-rock.,"Cinematic editorial photograph, a 1960s wood-panelled recording studio. A guitar leaning against a vintage amplifier, cables coiled on the floor. warm tungsten glow, tape machines, amber and walnut palette. Unnamed figures only — a singer at the microphone or a producer in headphones, faces turned away or in shadow. Documentary feel, as if shot for a magazine. 35mm film, shallow depth of field, fine grain, 16:9 landscape. No text, no logos, no watermarks, no captions."
assets/history/05-17.jpg,05-17,Bill Withers was making toilet seats for airplanes,Soul,1971,"Withers kept his factory job while recording 'Ain't No Sunshine', assuming music would not last. The famous repeated 'I know' was a placeholder.","Cinematic editorial photograph, a 1970s recording studio. A guitar leaning against a vintage amplifier, cables coiled on the floor. shag carpet, warm orange tungsten light, wood veneer, heavy analog gear. Unnamed figures only — a singer at the microphone or a producer in headphones, faces turned away or in shadow. Documentary feel, as if shot for a magazine. 35mm film, shallow depth of field, fine grain, 16:9 landscape. No text, no logos, no watermarks, no captions."
assets/history/05-18.jpg,05-18,Delia Derbyshire realized the Doctor Who theme with tape,Electronic,1963,"Working without synthesizers, Derbyshire built the theme by recording single tones, cutting the tape and splicing pitches by hand.","Cinematic editorial photograph, a 1960s wood-panelled recording studio. A tape machine room, two reels turning, tape boxes hand-labelled in marker. warm tungsten glow, tape machines, amber and walnut palette. Unnamed figures only — a singer at the microphone or a producer in headphones, faces turned away or in shadow. Documentary feel, as if shot for a magazine. 35mm film, shallow depth of field, fine grain, 16:9 landscape. No text, no logos, no watermarks, no captions."
assets/history/05-19.jpg,05-19,'Impeach the President' gave hip-hop its snare,Funk,1973,"The Honey Drippers' record, cut by a high-school band, contains a drum intro that became a foundation of nineties New York production.","Cinematic editorial photograph, a 1970s recording studio. A drum room with baffles, a kit lit from one side, sticks resting on the snare. shag carpet, warm orange tungsten light, wood veneer, heavy analog gear. Unnamed figures only — a singer at the microphone or a producer in headphones, faces turned away or in shadow. Documentary feel, as if shot for a magazine. 35mm film, shallow depth of field, fine grain, 16:9 landscape. No text, no logos, no watermarks, no captions."
assets/history/05-20.jpg,05-20,Bach's music was rescued by a butcher's wrapping paper,Classical,1829,"Legend holds Mendelssohn found Bach manuscripts used as packing material, sparking the revival that restored Bach to the canon.","Cinematic editorial photograph, a 1920s acoustic-era room. A string section mid-session, bows lifted, warm hall lighting. sepia tones, soft window light, visible dust in the air. Unnamed figures only — a singer at the microphone or a producer in headphones, faces turned away or in shadow. Documentary feel, as if shot for a magazine. 35mm film, shallow depth of field, fine grain, 16:9 landscape. No text, no logos, no watermarks, no captions."
assets/history/05-21.jpg,05-21,The Bomb Squad layered dozens of samples per track,Hip-Hop,1988,"Public Enemy's producers stacked sirens, horn stabs and drums into deliberately abrasive collages, a technique legally impossible today.","Cinematic editorial photograph, a 1980s recording studio. A beat-making desk with a drum machine and sampler, pads worn from use, records stacked beside. large-format console, cool neon accents against warm lamps, VHS-era palette. Unnamed figures only — a singer at the microphone or a producer in headphones, faces turned away or in shadow. Documentary feel, as if shot for a magazine. 35mm film, shallow depth of field, fine grain, 16:9 landscape. No text, no logos, no watermarks, no captions."
assets/history/05-22.jpg,05-22,'Trans-Europe Express' became the spine of electro,Electronic,1977,"Afrika Bambaataa built 'Planet Rock' on Kraftwerk's melody and a TR-808, connecting Düsseldorf to the Bronx.","Cinematic editorial photograph, a 1970s recording studio. A wall of modular synthesizer cabinets criss-crossed with patch cables. shag carpet, warm orange tungsten light, wood veneer, heavy analog gear. Unnamed figures only — a singer at the microphone or a producer in headphones, faces turned away or in shadow. Documentary feel, as if shot for a magazine. 35mm film, shallow depth of field, fine grain, 16:9 landscape. No text, no logos, no watermarks, no captions."
assets/history/05-23.jpg,05-23,Rosetta Tharpe played a train station gig,Gospel,1964,Promoters staged a concert on a disused British railway platform with the audience across the tracks. Tharpe arrived by carriage and played in the rain.,"Cinematic editorial photograph, a 1960s wood-panelled recording studio. A guitar leaning against a vintage amplifier, cables coiled on the floor. warm tungsten glow, tape machines, amber and walnut palette. Unnamed figures only — a singer at the microphone or a producer in headphones, faces turned away or in shadow. Documentary feel, as if shot for a magazine. 35mm film, shallow depth of field, fine grain, 16:9 landscape. No text, no logos, no watermarks, no captions."
assets/history/05-24.jpg,05-24,Bob Dylan went electric and got booed,Folk,1965,"At Newport, Dylan plugged in and split the folk audience. The hostility followed him across a world tour.","Cinematic editorial photograph, a 1960s wood-panelled recording studio. A guitar leaning against a vintage amplifier, cables coiled on the floor. warm tungsten glow, tape machines, amber and walnut palette. Unnamed figures only — a singer at the microphone or a producer in headphones, faces turned away or in shadow. Documentary feel, as if shot for a magazine. 35mm film, shallow depth of field, fine grain, 16:9 landscape. No text, no logos, no watermarks, no captions."
assets/history/05-25.jpg,05-25,Miles Davis plugged in and lost half his audience,Jazz,1969,"'Bitches Brew' used electric instruments and studio editing, alienating purists while inventing fusion.","Cinematic editorial photograph, a 1960s wood-panelled recording studio. A brass section in a live room, horns raised, music stands and chairs. warm tungsten glow, tape machines, amber and walnut palette. Unnamed figures only — a singer at the microphone or a producer in headphones, faces turned away or in shadow. Documentary feel, as if shot for a magazine. 35mm film, shallow depth of field, fine grain, 16:9 landscape. No text, no logos, no watermarks, no captions."
assets/history/05-26.jpg,05-26,Which 'Killing Me Softly' wins: Flack or the Fugees?,Soul,1973,Roberta Flack's version is intimate and slow. The Fugees rebuilt it in 1996 over a hip-hop break with Lauryn Hill's lead.,"Cinematic editorial photograph, a 1970s recording studio. A vocal booth with a large condenser microphone and pop filter, headphones hanging. shag carpet, warm orange tungsten light, wood veneer, heavy analog gear. Unnamed figures only — a singer at the microphone or a producer in headphones, faces turned away or in shadow. Documentary feel, as if shot for a magazine. 35mm film, shallow depth of field, fine grain, 16:9 landscape. No text, no logos, no watermarks, no captions."
assets/history/05-27.jpg,05-27,Brooklyn's Fulton Street record shops fed the DJs,Brooklyn,1985,"Independent shops along Fulton and Flatbush stocked breaks, imports and white labels that defined what Brooklyn DJs could play.","Cinematic editorial photograph, a 1980s recording studio. A Brooklyn neighbourhood scene — a Ditmas Park street of Victorian houses, with a DJ setup with two turntables, a battered mixer and milk crates of records. large-format console, cool neon accents against warm lamps, VHS-era palette. Unnamed figures only — a singer at the microphone or a producer in headphones, faces turned away or in shadow. Documentary feel, as if shot for a magazine. 35mm film, shallow depth of field, fine grain, 16:9 landscape. No text, no logos, no watermarks, no captions."
assets/history/05-28.jpg,05-28,"Gladys Knight had the first 'Grapevine' hit, then lost it",Soul,1967,Gladys Knight and the Pips charted with 'I Heard It Through the Grapevine' before Marvin Gaye's slower version eclipsed it entirely.,"Cinematic editorial photograph, a 1960s wood-panelled recording studio. A vocal booth with a large condenser microphone and pop filter, headphones hanging. warm tungsten glow, tape machines, amber and walnut palette. Unnamed figures only — a singer at the microphone or a producer in headphones, faces turned away or in shadow. Documentary feel, as if shot for a magazine. 35mm film, shallow depth of field, fine grain, 16:9 landscape. No text, no logos, no watermarks, no captions."
assets/history/05-29.jpg,05-29,Stravinsky's premiere caused a riot,Classical,1913,'The Rite of Spring' provoked shouting and fistfights at its Paris debut. The dancers could not hear the orchestra over the noise.,"Cinematic editorial photograph, a 1920s acoustic-era room. A string section mid-session, bows lifted, warm hall lighting. sepia tones, soft window light, visible dust in the air. Unnamed figures only — a singer at the microphone or a producer in headphones, faces turned away or in shadow. Documentary feel, as if shot for a magazine. 35mm film, shallow depth of field, fine grain, 16:9 landscape. No text, no logos, no watermarks, no captions."
assets/history/05-30.jpg,05-30,The SP-1200 forced producers to be brief,Hip-Hop,1987,"The sampler held only about ten seconds of audio, so producers chopped tightly and sped samples up, creating a gritty sound now sought deliberately.","Cinematic editorial photograph, a 1980s recording studio. A beat-making desk with a drum machine and sampler, pads worn from use, records stacked beside. large-format console, cool neon accents against warm lamps, VHS-era palette. Unnamed figures only — a singer at the microphone or a producer in headphones, faces turned away or in shadow. Documentary feel, as if shot for a magazine. 35mm film, shallow depth of field, fine grain, 16:9 landscape. No text, no logos, no watermarks, no captions."
assets/history/05-31.jpg,05-31,'Ashley's Roachclip' hid a break at the very end,Funk,1974,"The Soul Searchers buried a drum break near the track's close, which producers found decades later and used everywhere.","Cinematic editorial photograph, a 1970s recording studio. A drum room with baffles, a kit lit from one side, sticks resting on the snare. shag carpet, warm orange tungsten light, wood veneer, heavy analog gear. Unnamed figures only — a singer at the microphone or a producer in headphones, faces turned away or in shadow. Documentary feel, as if shot for a magazine. 35mm film, shallow depth of field, fine grain, 16:9 landscape. No text, no logos, no watermarks, no captions."
assets/history/06-01.jpg,06-01,Marilyn Monroe's birthday and the art of the breathy mic,Pop,1926,"Close-mic crooning only became possible with sensitive condenser microphones, letting singers whisper instead of project.","Cinematic editorial photograph, a 1920s acoustic-era room. A vocal booth with a large condenser microphone and pop filter, headphones hanging. sepia tones, soft window light, visible dust in the air. Unnamed figures only — a singer at the microphone or a producer in headphones, faces turned away or in shadow. Documentary feel, as if shot for a magazine. 35mm film, shallow depth of field, fine grain, 16:9 landscape. No text, no logos, no watermarks, no captions."
assets/history/06-02.jpg,06-02,Charlie Watts kept time by leaving the hi-hat out,Rock,1941,"The Rolling Stones drummer lifted his hi-hat hand on backbeats, a jazz habit that gave the band its slight, distinctive drag.","Cinematic editorial photograph, a 1940s broadcast-era studio. A drum room with baffles, a kit lit from one side, sticks resting on the snare. warm monochrome palette, hard key light, deep shadows. Unnamed figures only — a singer at the microphone or a producer in headphones, faces turned away or in shadow. Documentary feel, as if shot for a magazine. 35mm film, shallow depth of field, fine grain, 16:9 landscape. No text, no logos, no watermarks, no captions."
assets/history/06-03.jpg,06-03,Which 'Twist and Shout' wins: Isley Brothers or Beatles?,Rock,1962,The Isley Brothers cut the definitive early version. Lennon recorded the Beatles' take last on a session day with a shredded throat.,"Cinematic editorial photograph, a 1960s wood-panelled recording studio. A vocal booth with a large condenser microphone and pop filter, headphones hanging. warm tungsten glow, tape machines, amber and walnut palette. Unnamed figures only — a singer at the microphone or a producer in headphones, faces turned away or in shadow. Documentary feel, as if shot for a magazine. 35mm film, shallow depth of field, fine grain, 16:9 landscape. No text, no logos, no watermarks, no captions."
assets/history/06-04.jpg,06-04,Cecil Taylor turned the piano into percussion,Jazz,1929,"Taylor attacked the keyboard with clusters and forearms, treating it as 88 tuned drums rather than a melodic instrument.","Cinematic editorial photograph, a 1920s acoustic-era room. A grand piano in a live room, lid open, sheet music scattered. sepia tones, soft window light, visible dust in the air. Unnamed figures only — a singer at the microphone or a producer in headphones, faces turned away or in shadow. Documentary feel, as if shot for a magazine. 35mm film, shallow depth of field, fine grain, 16:9 landscape. No text, no logos, no watermarks, no captions."
assets/history/06-05.jpg,06-05,Bill Withers recorded 'Grandma's Hands' in under two minutes,Soul,1971,Withers wrote about his grandmother's church in West Virginia. The song is barely 120 seconds long and needed nothing more.,"Cinematic editorial photograph, a 1970s recording studio. A guitar leaning against a vintage amplifier, cables coiled on the floor. shag carpet, warm orange tungsten light, wood veneer, heavy analog gear. Unnamed figures only — a singer at the microphone or a producer in headphones, faces turned away or in shadow. Documentary feel, as if shot for a magazine. 35mm film, shallow depth of field, fine grain, 16:9 landscape. No text, no logos, no watermarks, no captions."
assets/history/06-06.jpg,06-06,Prince Buster shaped the beat that became ska,Reggae,1938,"Buster instructed guitarists to accent the offbeat, flipping Jamaican R&B into ska and eventually rocksteady and reggae.","Cinematic editorial photograph, a 1940s broadcast-era studio. A guitar leaning against a vintage amplifier, cables coiled on the floor. warm monochrome palette, hard key light, deep shadows. Unnamed figures only — a singer at the microphone or a producer in headphones, faces turned away or in shadow. Documentary feel, as if shot for a magazine. 35mm film, shallow depth of field, fine grain, 16:9 landscape. No text, no logos, no watermarks, no captions."
assets/history/06-07.jpg,06-07,Prince changed his name to a symbol to escape a contract,Funk,1993,"In a dispute with Warner Bros., Prince adopted an unpronounceable glyph and wrote 'slave' on his face at appearances.","Cinematic editorial photograph, a 1990s production room. A guitar leaning against a vintage amplifier, cables coiled on the floor. racks of samplers, gritty fluorescent and lamp mix, cluttered desk. Unnamed figures only — a singer at the microphone or a producer in headphones, faces turned away or in shadow. Documentary feel, as if shot for a magazine. 35mm film, shallow depth of field, fine grain, 16:9 landscape. No text, no logos, no watermarks, no captions."
assets/history/06-08.jpg,06-08,Brooklyn's Kings Theatre reopening drew a Flatbush crowd,Brooklyn,2015,"After decades dark, the Flatbush palace reopened with a sold-out show, restoring a major venue to the neighborhood's doorstep.","Cinematic editorial photograph, a modern studio. A Brooklyn neighbourhood scene — a Ditmas Park street of Victorian houses, with a packed club floor seen from the stage, hands up, haze in the spotlight beams. clean LED accents, dark room, screen glow. Unnamed figures only — a singer at the microphone or a producer in headphones, faces turned away or in shadow. Documentary feel, as if shot for a magazine. 35mm film, shallow depth of field, fine grain, 16:9 landscape. No text, no logos, no watermarks, no captions."
assets/history/06-09.jpg,06-09,Les Paul invented multitrack recording in his garage,Rock,1948,"Frustrated by one-take recording, Paul rigged a system to layer parts, then built the solid-body electric guitar to reduce feedback.","Cinematic editorial photograph, a 1940s broadcast-era studio. A guitar leaning against a vintage amplifier, cables coiled on the floor. warm monochrome palette, hard key light, deep shadows. Unnamed figures only — a singer at the microphone or a producer in headphones, faces turned away or in shadow. Documentary feel, as if shot for a magazine. 35mm film, shallow depth of field, fine grain, 16:9 landscape. No text, no logos, no watermarks, no captions."
assets/history/06-10.jpg,06-10,'Ain't No Half Steppin' announced Brooklyn's technical peak,Hip-Hop,1988,"Big Daddy Kane's Bed-Stuy delivery combined speed, clarity and swing, setting a standard other rappers openly chased.","Cinematic editorial photograph, a 1980s recording studio. A vocal booth with a large condenser microphone and pop filter, headphones hanging. large-format console, cool neon accents against warm lamps, VHS-era palette. Unnamed figures only — a singer at the microphone or a producer in headphones, faces turned away or in shadow. Documentary feel, as if shot for a magazine. 35mm film, shallow depth of field, fine grain, 16:9 landscape. No text, no logos, no watermarks, no captions."
assets/history/06-11.jpg,06-11,Which 'Superstar' wins: Delaney & Bonnie or the Carpenters?,Pop,1969,"Originally a rough rock lament, the Carpenters' 1971 arrangement turned it into a lush, aching ballad with an oboe line.","Cinematic editorial photograph, a 1960s wood-panelled recording studio. A string section mid-session, bows lifted, warm hall lighting. warm tungsten glow, tape machines, amber and walnut palette. Unnamed figures only — a singer at the microphone or a producer in headphones, faces turned away or in shadow. Documentary feel, as if shot for a magazine. 35mm film, shallow depth of field, fine grain, 16:9 landscape. No text, no logos, no watermarks, no captions."
assets/history/06-12.jpg,06-12,Nile Rodgers wrote 'Le Freak' after being turned away,Disco,1977,"Refused entry to Studio 54, Rodgers and Edwards went home angry and wrote a chorus built on an expletive, later changed to 'freak out'.","Cinematic editorial photograph, a 1970s recording studio. A guitar leaning against a vintage amplifier, cables coiled on the floor. shag carpet, warm orange tungsten light, wood veneer, heavy analog gear. Unnamed figures only — a singer at the microphone or a producer in headphones, faces turned away or in shadow. Documentary feel, as if shot for a magazine. 35mm film, shallow depth of field, fine grain, 16:9 landscape. No text, no logos, no watermarks, no captions."
assets/history/06-13.jpg,06-13,Tape delay was invented using two machines,Production,1955,"Engineers fed a signal from one tape head to another, creating slapback echo. Sun Studio's version defined early rock and roll vocals.","Cinematic editorial photograph, a 1950s recording studio. A tape machine room, two reels turning, tape boxes hand-labelled in marker. tube amplifiers, muted teal and cream palette, single overhead lamp. Unnamed figures only — a singer at the microphone or a producer in headphones, faces turned away or in shadow. Documentary feel, as if shot for a magazine. 35mm film, shallow depth of field, fine grain, 16:9 landscape. No text, no logos, no watermarks, no captions."
assets/history/06-14.jpg,06-14,'The Message' proved rap could report the news,Hip-Hop,1982,Grandmaster Flash and the Furious Five released a bleak social document at a time when rap was expected to be party music.,"Cinematic editorial photograph, a 1980s recording studio. A DJ setup with two turntables, a battered mixer and milk crates of records. large-format console, cool neon accents against warm lamps, VHS-era palette. Unnamed figures only — a singer at the microphone or a producer in headphones, faces turned away or in shadow. Documentary feel, as if shot for a magazine. 35mm film, shallow depth of field, fine grain, 16:9 landscape. No text, no logos, no watermarks, no captions."
assets/history/06-15.jpg,06-15,Ditmas Park's block parties keep the sound-system tradition,Brooklyn,1995,"Summer street closures along Cortelyou and Rugby Road turned into speaker-stack parties, echoing Caribbean sound-system culture nearby.","Cinematic editorial photograph, a 1990s production room. A Brooklyn neighbourhood scene — a Ditmas Park street of Victorian houses, with a packed club floor seen from the stage, hands up, haze in the spotlight beams. racks of samplers, gritty fluorescent and lamp mix, cluttered desk. Unnamed figures only — a singer at the microphone or a producer in headphones, faces turned away or in shadow. Documentary feel, as if shot for a magazine. 35mm film, shallow depth of field, fine grain, 16:9 landscape. No text, no logos, no watermarks, no captions."
assets/history/06-16.jpg,06-16,Tupac studied ballet and Shakespeare,Hip-Hop,1971,"Shakur trained at the Baltimore School for the Arts, performing in ballet and theatre before rapping professionally.","Cinematic editorial photograph, a 1970s recording studio. A vocal booth with a large condenser microphone and pop filter, headphones hanging. shag carpet, warm orange tungsten light, wood veneer, heavy analog gear. Unnamed figures only — a singer at the microphone or a producer in headphones, faces turned away or in shadow. Documentary feel, as if shot for a magazine. 35mm film, shallow depth of field, fine grain, 16:9 landscape. No text, no logos, no watermarks, no captions."
assets/history/06-17.jpg,06-17,The Linn drum machine used real recorded drums,Pop,1980,"Roger Linn sampled actual drum hits instead of synthesizing them, giving eighties pop its crisp, oversized snare.","Cinematic editorial photograph, a 1980s recording studio. A drum room with baffles, a kit lit from one side, sticks resting on the snare. large-format console, cool neon accents against warm lamps, VHS-era palette. Unnamed figures only — a singer at the microphone or a producer in headphones, faces turned away or in shadow. Documentary feel, as if shot for a magazine. 35mm film, shallow depth of field, fine grain, 16:9 landscape. No text, no logos, no watermarks, no captions."
assets/history/06-18.jpg,06-18,Paul McCartney woke up with 'Yesterday' in his head,Rock,1942,McCartney dreamed the melody and spent weeks asking people if he had accidentally stolen it. Placeholder lyrics were 'scrambled eggs'.,"Cinematic editorial photograph, a 1940s broadcast-era studio. A string section mid-session, bows lifted, warm hall lighting. warm monochrome palette, hard key light, deep shadows. Unnamed figures only — a singer at the microphone or a producer in headphones, faces turned away or in shadow. Documentary feel, as if shot for a magazine. 35mm film, shallow depth of field, fine grain, 16:9 landscape. No text, no logos, no watermarks, no captions."
assets/history/06-19.jpg,06-19,Juneteenth and the blues' long road north,Blues,1865,"Emancipation's spread carried musical traditions from the Deep South up through Memphis and Chicago, reshaping American popular music.","Cinematic editorial photograph, a 1920s acoustic-era room. A guitar leaning against a vintage amplifier, cables coiled on the floor. sepia tones, soft window light, visible dust in the air. Unnamed figures only — a singer at the microphone or a producer in headphones, faces turned away or in shadow. Documentary feel, as if shot for a magazine. 35mm film, shallow depth of field, fine grain, 16:9 landscape. No text, no logos, no watermarks, no captions."
assets/history/06-20.jpg,06-20,Brian Wilson built 'Pet Sounds' while the band toured,Pop,1966,"Wilson stopped touring and recorded the album with session players, presenting finished tracks to the Beach Boys on their return.","Cinematic editorial photograph, a 1960s wood-panelled recording studio. A large mixing console seen at a low angle, faders lit from above, meters glowing. warm tungsten glow, tape machines, amber and walnut palette. Unnamed figures only — a singer at the microphone or a producer in headphones, faces turned away or in shadow. Documentary feel, as if shot for a magazine. 35mm film, shallow depth of field, fine grain, 16:9 landscape. No text, no logos, no watermarks, no captions."
assets/history/06-21.jpg,06-21,'Funky Worm' gave G-funk its whine,Funk,1972,The Ohio Players' high synthesizer squeal became the signature lead sound of West Coast hip-hop two decades later.,"Cinematic editorial photograph, a 1970s recording studio. A wall of modular synthesizer cabinets criss-crossed with patch cables. shag carpet, warm orange tungsten light, wood veneer, heavy analog gear. Unnamed figures only — a singer at the microphone or a producer in headphones, faces turned away or in shadow. Documentary feel, as if shot for a magazine. 35mm film, shallow depth of field, fine grain, 16:9 landscape. No text, no logos, no watermarks, no captions."
assets/history/06-22.jpg,06-22,Which 'Valerie' wins: The Zutons or Amy Winehouse?,Pop,2006,"The Zutons wrote it as indie rock. Mark Ronson and Amy Winehouse recut it as sixties soul, and that version eclipsed the original.","Cinematic editorial photograph, a modern studio. A brass section in a live room, horns raised, music stands and chairs. clean LED accents, dark room, screen glow. Unnamed figures only — a singer at the microphone or a producer in headphones, faces turned away or in shadow. Documentary feel, as if shot for a magazine. 35mm film, shallow depth of field, fine grain, 16:9 landscape. No text, no logos, no watermarks, no captions."
assets/history/06-23.jpg,06-23,Bessie Smith outsold nearly every artist of her era,Blues,1923,Smith's records sold in the hundreds of thousands to Black audiences largely ignored by the mainstream industry.,"Cinematic editorial photograph, a 1920s acoustic-era room. A vocal booth with a large condenser microphone and pop filter, headphones hanging. sepia tones, soft window light, visible dust in the air. Unnamed figures only — a singer at the microphone or a producer in headphones, faces turned away or in shadow. Documentary feel, as if shot for a magazine. 35mm film, shallow depth of field, fine grain, 16:9 landscape. No text, no logos, no watermarks, no captions."
assets/history/06-24.jpg,06-24,The Neve console became a producer's instrument,Production,1970,Rupert Neve's circuitry added a warmth engineers still chase. Studios built entire reputations on owning one.,"Cinematic editorial photograph, a 1970s recording studio. A large mixing console seen at a low angle, faders lit from above, meters glowing. shag carpet, warm orange tungsten light, wood veneer, heavy analog gear. Unnamed figures only — a singer at the microphone or a producer in headphones, faces turned away or in shadow. Documentary feel, as if shot for a magazine. 35mm film, shallow depth of field, fine grain, 16:9 landscape. No text, no logos, no watermarks, no captions."
assets/history/06-25.jpg,06-25,"Michael Jackson died, and streaming spiked worldwide",Pop,2009,"Jackson's death caused traffic surges that briefly destabilized major websites, an early sign of how music news moved online.","Cinematic editorial photograph, a modern studio. A vocal booth with a large condenser microphone and pop filter, headphones hanging. clean LED accents, dark room, screen glow. Unnamed figures only — a singer at the microphone or a producer in headphones, faces turned away or in shadow. Documentary feel, as if shot for a magazine. 35mm film, shallow depth of field, fine grain, 16:9 landscape. No text, no logos, no watermarks, no captions."
assets/history/06-26.jpg,06-26,Sly Stone assembled America's first fully integrated band,Funk,1967,"Sly and the Family Stone included Black and white members, men and women, all sharing lead vocals, unprecedented at the time.","Cinematic editorial photograph, a 1960s wood-panelled recording studio. A brass section in a live room, horns raised, music stands and chairs. warm tungsten glow, tape machines, amber and walnut palette. Unnamed figures only — a singer at the microphone or a producer in headphones, faces turned away or in shadow. Documentary feel, as if shot for a magazine. 35mm film, shallow depth of field, fine grain, 16:9 landscape. No text, no logos, no watermarks, no captions."
assets/history/06-27.jpg,06-27,'Nautilus' became crate-diggers' holy grail,Jazz,1974,"Bob James's track hid a haunting synth figure that producers mined for decades, often unaware others had found it too.","Cinematic editorial photograph, a 1970s recording studio. A wall of modular synthesizer cabinets criss-crossed with patch cables. shag carpet, warm orange tungsten light, wood veneer, heavy analog gear. Unnamed figures only — a singer at the microphone or a producer in headphones, faces turned away or in shadow. Documentary feel, as if shot for a magazine. 35mm film, shallow depth of field, fine grain, 16:9 landscape. No text, no logos, no watermarks, no captions."
assets/history/06-28.jpg,06-28,Gil Scott-Heron read poetry over congas,Soul,1970,"'The Revolution Will Not Be Televised' was spoken word over percussion, an ancestor of rap that Scott-Heron resisted being called.","Cinematic editorial photograph, a 1970s recording studio. A drum room with baffles, a kit lit from one side, sticks resting on the snare. shag carpet, warm orange tungsten light, wood veneer, heavy analog gear. Unnamed figures only — a singer at the microphone or a producer in headphones, faces turned away or in shadow. Documentary feel, as if shot for a magazine. 35mm film, shallow depth of field, fine grain, 16:9 landscape. No text, no logos, no watermarks, no captions."
assets/history/06-29.jpg,06-29,Little Richard's 'Tutti Frutti' had to be rewritten on the spot,Rock,1955,"The original lyrics were far too explicit for radio, so a local songwriter rewrote them during a lunch break at the session.","Cinematic editorial photograph, a 1950s recording studio. A grand piano in a live room, lid open, sheet music scattered. tube amplifiers, muted teal and cream palette, single overhead lamp. Unnamed figures only — a singer at the microphone or a producer in headphones, faces turned away or in shadow. Documentary feel, as if shot for a magazine. 35mm film, shallow depth of field, fine grain, 16:9 landscape. No text, no logos, no watermarks, no captions."
assets/history/06-30.jpg,06-30,Brooklyn's Celebrate Brooklyn keeps free music alive,Brooklyn,1979,"The Prospect Park bandshell series has run for over four decades, one of the last major free festivals in New York.","Cinematic editorial photograph, a 1970s recording studio. A Brooklyn neighbourhood scene — a Ditmas Park street of Victorian houses, with a packed club floor seen from the stage, hands up, haze in the spotlight beams. shag carpet, warm orange tungsten light, wood veneer, heavy analog gear. Unnamed figures only — a singer at the microphone or a producer in headphones, faces turned away or in shadow. Documentary feel, as if shot for a magazine. 35mm film, shallow depth of field, fine grain, 16:9 landscape. No text, no logos, no watermarks, no captions."
assets/history/10-20.jpg,10-20,'Billie Jean' nearly lost its famous intro,Pop,1982,"Michael Jackson built the song around a bassline he refused to shorten. Quincy Jones wanted the 29-second intro cut down; Jackson insisted it stay because, in his words, it made him want to dance.","Cinematic editorial photograph, a 1980s recording studio. A vocal booth with a large condenser microphone and pop filter, headphones hanging. large-format console, cool neon accents against warm lamps, VHS-era palette. Unnamed figures only — a singer at the microphone or a producer in headphones, faces turned away or in shadow. Documentary feel, as if shot for a magazine. 35mm film, shallow depth of field, fine grain, 16:9 landscape. No text, no logos, no watermarks, no captions."
assets/history/11-03.jpg,11-03,Prince's 'Kiss' was a giveaway he took back,Funk,1985,"Prince cut a rough acoustic demo and handed it to the funk band Mazarati. Producer David Z stripped it to a dry drum machine, chopped the vocals into stabs and added the falsetto arrangement — and when Prince heard it he took the song back.","Cinematic editorial photograph, a 1980s recording studio. A large mixing console seen at a low angle, faders lit from above, meters glowing. large-format console, cool neon accents against warm lamps, VHS-era palette. Unnamed figures only — a singer at the microphone or a producer in headphones, faces turned away or in shadow. Documentary feel, as if shot for a magazine. 35mm film, shallow depth of field, fine grain, 16:9 landscape. No text, no logos, no watermarks, no captions."
assets/history/11-06.jpg,11-06,'I Feel Love' was built almost entirely from a Moog,Disco,1977,"Giorgio Moroder and Pete Bellotte built the backing track for Donna Summer at Munich's Musicland using a Moog modular synthesizer instead of a band. The machine drifted out of tune constantly, so the part was captured in short bursts and edited together.","Cinematic editorial photograph, a 1970s recording studio. A wall of modular synthesizer cabinets criss-crossed with patch cables. shag carpet, warm orange tungsten light, wood veneer, heavy analog gear. Unnamed figures only — a singer at the microphone or a producer in headphones, faces turned away or in shadow. Documentary feel, as if shot for a magazine. 35mm film, shallow depth of field, fine grain, 16:9 landscape. No text, no logos, no watermarks, no captions."
